url,contentHash,scrapedAt,runId,sourceSiteId
https://www.eventbrite.com/e/baltimore-job-fair-july-23-2026-baltimore-career-fairs-tickets-1854020117079,b6542a241757fb6235199cf4ce0dd3123f138dde42f1f7f9d6d8e787e6d1cf68,2026-07-11 07:18:29.827,cmrg18ilh000321br8ucvuvsz,
https://www.thebanner.com/culture/things-to-do/2026-maryland-festival-list-music-art-food-R4F3MRTNHJCDLLFOSYJLPWUPYM,446e0c47a0b6ad422be56cc042bef01afbf014caf340c94f65e01b8b754fee0b,2026-07-11 07:18:52.963,cmrg18ilh000321br8ucvuvsz,
https://www.kentcountyfair.org,018d385216abbcf104b305f52b52b16df21181ba61c68e74fc9d47955550e504,2026-07-11 07:18:54.294,cmrg18ilh000321br8ucvuvsz,
https://www.baltimorecounty4hfair.com,0613d9bbe19f227021f3eaae8d240dfe310ed23dd06f6a67181cf5c61ffc8084,2026-07-11 07:18:55.391,cmrg18ilh000321br8ucvuvsz,
https://eventsdc.com/passportdc,bb83fab1989a9ac7696660e6403edae84b6c02e1db4cb3e07502979b89b623b9,2026-07-11 07:19:48.537,cmrg18ilh000321br8ucvuvsz,
https://www.anaplastology.org/travel-information,efe5b3acb9ce4941565b6329bd2bea12ffb21a6aaf74f4a132c39b0a9236247c,2026-07-11 07:19:52.454,cmrg18ilh000321br8ucvuvsz,
https://www.medchi.org/Calendar-of-Events,53133a6e5a1eb2f47c016a4830483237c74e220a778b863e5685718ef48d4e80,2026-07-11 07:20:12.103,cmrg18ilh000321br8ucvuvsz,
https://eservices.esa.org/Event.aspx?EventKey=MAESA2026&WebsiteKey=eb8c99e2-ab85-438f-8e52-9655d48cc852,c0fc29a7add8c6be8e83ba8860f206e1e547200f0023b341d838769587b6305f,2026-07-11 07:20:31.293,cmrg18ilh000321br8ucvuvsz,
https://baltimoresistercities.org/maryland_export_day,db933b0dde7618c3ed4f422ddfe3c8ce8bba7bcf2fae65abe9996bde8c438288,2026-07-11 07:20:32.142,cmrg18ilh000321br8ucvuvsz,
https://www.bccenter.org/location/baltimore-convention-center,bf5b34da295da751503254d132e25623958af67a5054d09976744b863601124d,2026-07-11 07:20:47.12,cmrg18ilh000321br8ucvuvsz,
https://www.visitpa.com/blog/post/pennsylvania-county-fairs-0,494008fd33d837390f0f6bad48d2b6fff037900c654256f2a1723b6a9b4ad93e,2026-07-11 07:20:50.94,cmrg18ilh000321br8ucvuvsz,
https://www.essae.org/key-supporters-2026,48d831831a2d0312c8e862e7a3bb55587721508b56c92df76ddb9a42f8a6e988,2026-07-11 07:20:53.898,cmrg18ilh000321br8ucvuvsz,
https://www.securitysystemsnews.com/article/ncs4-announces-2026-national-sports-safety-and-security-conference-exhibition,7e868c10ba3f43a3934ac68bc28d6d522791c9bf5241d6f343029aa2fc453cf3,2026-07-11 07:20:58.15,cmrg18ilh000321br8ucvuvsz,
https://acanpus.enpnetwork.com/nurse-practitioner-events/148381-acanpus-2026-conference,231a01d5e70c8d0f886b24d0386e41495fa5c36a6a43029373900d30c0fef910,2026-07-11 07:21:06.068,cmrg18ilh000321br8ucvuvsz,
https://education.umd.edu/academics/programs/professional-learning-page-ceii-conference,dfbb85ceaf26e9451f76fdffe8123192a879b8ffb89ab14a2ddecea5bc002290,2026-07-11 20:09:06.446,cmrgsrc120000vubrdfvow9p7,
https://www.acced-i.org,5773c8aa36ce0bef46a4030ead31a838b534518928c7e48d4bf4bb799549260e,2026-07-11 20:09:42.801,cmrgsrc120000vubrdfvow9p7,
https://www.eventbrite.com/e/icon13-the-illustration-conference-tickets-1808652431109,7bd7fc06318f0deaac0109f77f183e1064ac0f04f9b7258ee84e0052d243086f,2026-07-11 20:09:43.871,cmrgsrc120000vubrdfvow9p7,
https://www.baltimoremagazine.com/section/events/baltimore-events-calendar-july-2026-cant-miss-festivals-exhibits-concerts-events,cc1ee3204bd66012b4b6e78eb944abad142e75aa42173aa18a8466aced0f9384,2026-07-11 20:09:46.073,cmrgsrc120000vubrdfvow9p7,
https://rcmiconf.com,3eae97abf145454aa30606fdd9a14e72f39dd77d63dc0022b24b5fcb7c80a341,2026-07-11 20:10:01.027,cmrgsrc120000vubrdfvow9p7,
https://www.eventbrite.com/e/move-your-world-conference-live-in-maryland-10th-12th-july-2026-tickets-1989761823176,4555a6576dc959f78c590d312e5189bfbf3cdfa97c84f6996416de0ed14db0c7,2026-07-11 20:10:04.93,cmrgsrc120000vubrdfvow9p7,
https://news.va.gov/148054/hiring-veterans-jobs-week-july-6-2026,da029e54ec16ca5999bc0831f26a5f3f88e60d11dfdbeea3efe90f2152106533,2026-07-11 20:10:48.078,cmrgsrc120000vubrdfvow9p7,
https://www.halcyon.ai/event/cra-cybersecurity-summit-baltimore-2026,f3add891cf26460311b9e363b20c60f8b2f753d2232255edb512afb458f2d0d7,2026-07-11 20:11:03.509,cmrgsrc120000vubrdfvow9p7,
https://www.bcebaltimore.org/events/events-calendar,bde44951cfb374c9223f13049e11c474427887ce43428e41bcad5a4dfb323068,2026-07-11 20:17:43.288,81f2d12f-8767-4f88-a82a-60a1eb9a073c,
https://whitmanexpo.com/baltimore-winter-expo/schedule,fc9df0d5d0b97afe40b4613747e881d4a762891a1bd7a68b06718d3b5c3f66b0,2026-07-11 20:17:52.156,81f2d12f-8767-4f88-a82a-60a1eb9a073c,
https://www.eventbrite.com/d/md--baltimore/medical-conferences,f5e00ddc81a7fff44e668a054a257ed360333b385f33409842cbb0f45c04a349,2026-07-11 20:18:26.904,81f2d12f-8767-4f88-a82a-60a1eb9a073c,
https://www.bmoreconnect.org/upcomingbaltimoreevents,87be1adf2b5cb3e60f29e25f2f04bdc186c2a7722728495ce7f095786cda156d,2026-07-11 20:18:42.624,81f2d12f-8767-4f88-a82a-60a1eb9a073c,
https://www.graphicmedicine.org/graphic-medicine-2026-conference-baltimore-md,dc6fcf85cbb4c2698e22d0dc7fc70ef7e8257c9c9d93f682b18f02c6131399a0,2026-07-11 20:18:46.283,81f2d12f-8767-4f88-a82a-60a1eb9a073c,
https://www.fibre2fashion.com/trade-fairs/baltimore-fashion-week-2026-65561,20616e956628526042a4ade28a7a01427a2f6684cfa2747bad4c02a45304bdcd,2026-07-11 20:19:20.061,81f2d12f-8767-4f88-a82a-60a1eb9a073c,
https://web.greaterbethesdachamber.org/events,1de4636db54f07d127ba531a7c9c047d6afcf1aad3e6492393f30fe443313fe5,2026-07-20 05:22:12.394,db3a1b90-4f86-431f-8bb2-066a9e099722,
https://event.marriott.com/wasbt-bethesda-marriott/events,fdf28f465e73b4b29ec207172a67426bf8f9e4622549f166676df43b726557a5,2026-07-20 05:22:19.751,db3a1b90-4f86-431f-8bb2-066a9e099722,
https://conferenceinusa.com/cities/washington-dc/july,0d2c1cba15a94b2ee2d4ac59518974d9db0af96f465794727c50d523e7af7107,2026-07-20 05:22:25.547,db3a1b90-4f86-431f-8bb2-066a9e099722,
https://events.kkytbs.org/event/home/natcon27,7ac88ca1d0cc1c9fd255ce50428f86aad7d5efafb5fb85c14710998d72d165a2,2026-07-20 05:22:31.494,db3a1b90-4f86-431f-8bb2-066a9e099722,
https://natcon.kkytbsonline.com,0c8fff0c7c404c39b401d32f029bb255c37a5d41704cae7bfaef0a92d62c8a5a,2026-07-20 05:22:37.366,db3a1b90-4f86-431f-8bb2-066a9e099722,
