id,startedAt,finishedAt,trigger,status,recordsFound,recordsNew,errorMessage,providersUsed
cmr9e5t07000156br51fbg7u7,2026-07-06 15:45:14.263,2026-07-06 15:47:11.471,manual,success,40,8,,
cmr9emquk000356br9etpane0,2026-07-06 15:58:24.62,2026-07-06 16:00:47.64,manual,success,40,8,,
cmr9fjzln00013ibrt8cd8xgh,2026-07-06 16:24:15.612,2026-07-06 16:26:34.887,manual,success,0,0,,
cmr9fuazk00043ibr9mz9fduo,2026-07-06 16:32:16.928,,manual,running,0,0,,
cmr9hrmb200063ibr8gdsyzjy,2026-07-06 17:26:10.863,2026-07-06 17:28:53.176,manual,success,65,10,,"{""jina"": {""scrape"": 65, ""search"": 0}, ""tavily"": {""scrape"": 0, ""search"": 42}, ""firecrawl"": {""scrape"": 18, ""search"": 0}, ""duckduckgo"": {""scrape"": 0, ""search"": 51}}"
cmr9k9o3g000l3ibr8omd8q90,2026-07-06 18:36:12.222,2026-07-06 18:38:01.005,manual,success,10,1,,
cmr9jisjg000j3ibrr2ttto45,2026-07-06 18:15:18.268,2026-07-06 19:10:15.925,manual,success,200,200,,
cmra8xwkp0000bgbr0j6wvz3z,2026-07-07 06:06:53.175,,manual,running,0,0,,
cmral2xgo000004la7e21qq5l,2026-07-07 11:46:43.56,2026-07-07 11:48:49.325,manual,success,70,0,,"{""jina"": {""scrape"": 70, ""search"": 0}, ""tavily"": {""scrape"": 0, ""search"": 42}, ""firecrawl"": {""scrape"": 18, ""search"": 0}, ""duckduckgo"": {""scrape"": 0, ""search"": 72}}"
cmrfzdmy0000121br68cnd9cq,2026-07-11 06:25:48.649,2026-07-11 06:31:13.674,manual,success,0,0,,
cmrg18ilh000321br8ucvuvsz,2026-07-11 07:17:48.965,2026-07-11 07:24:12.59,manual,failed,0,0,"
Invalid `__TURBOPACK__imported__module__$5b$project$5d2f$lib$2f$prisma$2e$ts__$5b$app$2d$route$5d$__$28$ecmascript$29$__[""prisma""].event.findFirst()` invocation in
/home/tijwa/projects/work/meeting_da/.next/dev/server/chunks/[root-of-the-server]__0w6golq._.js:1686:153

  1683 // ─── Dedupe check ──────────────────────────────────────────────────────────
  1684 async function isDuplicate(eventName, locationId, eventDateStart) {
  1685     // Check exact match (same name, same location, same date)
→ 1686     const exact = await __TURBOPACK__imported__module__$5b$project$5d2f$lib$2f$prisma$2e$ts__$5b$app$2d$route$5d$__$28$ecmascript$29$__[""prisma""].event.findFirst(
Server has closed the connection.",
cmrg21pn7002021branibxqdx,2026-07-11 07:40:31.123,2026-07-11 07:47:04.987,manual,success,0,0,,
616ebb15-35d9-4be5-a6c8-57f72856494f,2026-07-11 15:01:54.215,,manual,running,0,0,,
3260463a-deaa-4b30-9349-a44800989ba7,2026-07-11 16:06:11.214,,manual,running,0,0,,
cmrgsudjm000fvubrj2nxfpkx,2026-07-11 20:10:38.482,2026-07-11 20:10:39.468,manual,success,0,0,,"{""groq"": {""tokens"": 23579, ""requests"": 18, ""remainingTokens"": 76421, ""dailyLimitTokens"": 100000, ""remainingRequests"": 982, ""dailyLimitRequests"": 1000}, ""jina"": {""tokens"": 0, ""requests"": 63, ""remainingTokens"": -1, ""dailyLimitTokens"": -1, ""remainingRequests"": 137, ""dailyLimitRequests"": 200}, ""brave"": {""tokens"": 0, ""requests"": 0, ""remainingTokens"": -1, ""dailyLimitTokens"": -1, ""remainingRequests"": 66, ""dailyLimitRequests"": 66}, ""tavily"": {""tokens"": 0, ""requests"": 42, ""remainingTokens"": -1, ""dailyLimitTokens"": -1, ""remainingRequests"": 0, ""dailyLimitRequests"": 33}, ""webpeel"": {""tokens"": 0, ""requests"": 0, ""remainingTokens"": -1, ""dailyLimitTokens"": -1, ""remainingRequests"": 125, ""dailyLimitRequests"": 125}, ""_devMode"": false, ""firecrawl"": {""tokens"": 0, ""requests"": 13, ""remainingTokens"": -1, ""dailyLimitTokens"": -1, ""remainingRequests"": 3, ""dailyLimitRequests"": 16}, ""duckduckgo"": {""tokens"": 0, ""requests"": 258, ""remainingTokens"": -1, ""dailyLimitTokens"": -1, ""remainingRequests"": -1, ""dailyLimitRequests"": -1}, ""openrouter"": {""tokens"": 0, ""requests"": 0, ""remainingTokens"": 500000, ""dailyLimitTokens"": 500000, ""remainingRequests"": 200, ""dailyLimitRequests"": 200}}"
4ea4eced-28f2-42f8-ae0d-9515bcdb51ff,2026-07-11 20:11:07.142,2026-07-11 20:11:09.774,manual,success,0,0,,"{""groq"": {""tokens"": 28915, ""requests"": 21, ""remainingTokens"": 71085, ""dailyLimitTokens"": 100000, ""remainingRequests"": 979, ""dailyLimitRequests"": 1000}, ""jina"": {""tokens"": 0, ""requests"": 134, ""remainingTokens"": -1, ""dailyLimitTokens"": -1, ""remainingRequests"": 66, ""dailyLimitRequests"": 200}, ""brave"": {""tokens"": 0, ""requests"": 0, ""remainingTokens"": -1, ""dailyLimitTokens"": -1, ""remainingRequests"": 66, ""dailyLimitRequests"": 66}, ""tavily"": {""tokens"": 0, ""requests"": 42, ""remainingTokens"": -1, ""dailyLimitTokens"": -1, ""remainingRequests"": 0, ""dailyLimitRequests"": 33}, ""webpeel"": {""tokens"": 0, ""requests"": 0, ""remainingTokens"": -1, ""dailyLimitTokens"": -1, ""remainingRequests"": 125, ""dailyLimitRequests"": 125}, ""_devMode"": false, ""firecrawl"": {""tokens"": 0, ""requests"": 17, ""remainingTokens"": -1, ""dailyLimitTokens"": -1, ""remainingRequests"": 0, ""dailyLimitRequests"": 16}, ""duckduckgo"": {""tokens"": 0, ""requests"": 258, ""remainingTokens"": -1, ""dailyLimitTokens"": -1, ""remainingRequests"": -1, ""dailyLimitRequests"": -1}, ""openrouter"": {""tokens"": 0, ""requests"": 0, ""remainingTokens"": 500000, ""dailyLimitTokens"": 500000, ""remainingRequests"": 200, ""dailyLimitRequests"": 200}}"
cmrgsrc120000vubrdfvow9p7,2026-07-11 20:08:16.55,2026-07-11 20:11:34.539,manual,success,148,15,,"{""groq"": {""tokens"": 29731, ""requests"": 22, ""remainingTokens"": 70269, ""dailyLimitTokens"": 100000, ""remainingRequests"": 978, ""dailyLimitRequests"": 1000}, ""jina"": {""tokens"": 0, ""requests"": 149, ""remainingTokens"": -1, ""dailyLimitTokens"": -1, ""remainingRequests"": 51, ""dailyLimitRequests"": 200}, ""brave"": {""tokens"": 0, ""requests"": 0, ""remainingTokens"": -1, ""dailyLimitTokens"": -1, ""remainingRequests"": 66, ""dailyLimitRequests"": 66}, ""tavily"": {""tokens"": 0, ""requests"": 42, ""remainingTokens"": -1, ""dailyLimitTokens"": -1, ""remainingRequests"": 0, ""dailyLimitRequests"": 33}, ""webpeel"": {""tokens"": 0, ""requests"": 0, ""remainingTokens"": -1, ""dailyLimitTokens"": -1, ""remainingRequests"": 125, ""dailyLimitRequests"": 125}, ""_devMode"": false, ""firecrawl"": {""tokens"": 0, ""requests"": 17, ""remainingTokens"": -1, ""dailyLimitTokens"": -1, ""remainingRequests"": 0, ""dailyLimitRequests"": 16}, ""duckduckgo"": {""tokens"": 0, ""requests"": 258, ""remainingTokens"": -1, ""dailyLimitTokens"": -1, ""remainingRequests"": -1, ""dailyLimitRequests"": -1}, ""openrouter"": {""tokens"": 0, ""requests"": 0, ""remainingTokens"": 500000, ""dailyLimitTokens"": 500000, ""remainingRequests"": 200, ""dailyLimitRequests"": 200}}"
cmrq5mnju000104l4204vbr2h,2026-07-18 09:18:28.794,,manual,running,0,0,,
cmrq5mnkb000104jo9c5bpqw0,2026-07-18 09:18:28.812,,manual,running,0,0,,
81f2d12f-8767-4f88-a82a-60a1eb9a073c,2026-07-11 20:16:48.096,2026-07-11 20:19:34.633,manual,success,128,12,,"{""groq"": {""tokens"": 27293, ""requests"": 18, ""remainingTokens"": 72707, ""dailyLimitTokens"": 100000, ""remainingRequests"": 982, ""dailyLimitRequests"": 1000}, ""jina"": {""tokens"": 0, ""requests"": 128, ""remainingTokens"": -1, ""dailyLimitTokens"": -1, ""remainingRequests"": 72, ""dailyLimitRequests"": 200}, ""brave"": {""tokens"": 0, ""requests"": 0, ""remainingTokens"": -1, ""dailyLimitTokens"": -1, ""remainingRequests"": 66, ""dailyLimitRequests"": 66}, ""tavily"": {""tokens"": 0, ""requests"": 42, ""remainingTokens"": -1, ""dailyLimitTokens"": -1, ""remainingRequests"": 0, ""dailyLimitRequests"": 33}, ""webpeel"": {""tokens"": 0, ""requests"": 0, ""remainingTokens"": -1, ""dailyLimitTokens"": -1, ""remainingRequests"": 125, ""dailyLimitRequests"": 125}, ""_devMode"": false, ""firecrawl"": {""tokens"": 0, ""requests"": 16, ""remainingTokens"": -1, ""dailyLimitTokens"": -1, ""remainingRequests"": 0, ""dailyLimitRequests"": 16}, ""duckduckgo"": {""tokens"": 0, ""requests"": 186, ""remainingTokens"": -1, ""dailyLimitTokens"": -1, ""remainingRequests"": -1, ""dailyLimitRequests"": -1}, ""openrouter"": {""tokens"": 0, ""requests"": 0, ""remainingTokens"": 500000, ""dailyLimitTokens"": 500000, ""remainingRequests"": 200, ""dailyLimitRequests"": 200}}"
73989f94-184d-40ef-b250-488487542641,2026-07-11 20:23:17.537,2026-07-11 20:23:47.299,manual,success,0,0,,"{""groq"": {""tokens"": 27293, ""requests"": 18, ""remainingTokens"": 72707, ""dailyLimitTokens"": 100000, ""remainingRequests"": 982, ""dailyLimitRequests"": 1000}, ""jina"": {""tokens"": 0, ""requests"": 128, ""remainingTokens"": -1, ""dailyLimitTokens"": -1, ""remainingRequests"": 72, ""dailyLimitRequests"": 200}, ""brave"": {""tokens"": 0, ""requests"": 0, ""remainingTokens"": -1, ""dailyLimitTokens"": -1, ""remainingRequests"": 66, ""dailyLimitRequests"": 66}, ""tavily"": {""tokens"": 0, ""requests"": 42, ""remainingTokens"": -1, ""dailyLimitTokens"": -1, ""remainingRequests"": 0, ""dailyLimitRequests"": 33}, ""webpeel"": {""tokens"": 0, ""requests"": 0, ""remainingTokens"": -1, ""dailyLimitTokens"": -1, ""remainingRequests"": 125, ""dailyLimitRequests"": 125}, ""_devMode"": false, ""firecrawl"": {""tokens"": 0, ""requests"": 16, ""remainingTokens"": -1, ""dailyLimitTokens"": -1, ""remainingRequests"": 0, ""dailyLimitRequests"": 16}, ""duckduckgo"": {""tokens"": 0, ""requests"": 414, ""remainingTokens"": -1, ""dailyLimitTokens"": -1, ""remainingRequests"": -1, ""dailyLimitRequests"": -1}, ""openrouter"": {""tokens"": 0, ""requests"": 0, ""remainingTokens"": 500000, ""dailyLimitTokens"": 500000, ""remainingRequests"": 200, ""dailyLimitRequests"": 200}}"
4203ddf9-5b6c-4ca4-9e4e-3bf30149bdf9,2026-07-11 20:28:13.411,2026-07-11 20:33:02.632,manual,success,112,0,,"{""groq"": {""tokens"": 0, ""requests"": 0, ""remainingTokens"": 100000, ""dailyLimitTokens"": 100000, ""remainingRequests"": 1000, ""dailyLimitRequests"": 1000}, ""jina"": {""tokens"": 0, ""requests"": 112, ""remainingTokens"": -1, ""dailyLimitTokens"": -1, ""remainingRequests"": 88, ""dailyLimitRequests"": 200}, ""brave"": {""tokens"": 0, ""requests"": 0, ""remainingTokens"": -1, ""dailyLimitTokens"": -1, ""remainingRequests"": 66, ""dailyLimitRequests"": 66}, ""tavily"": {""tokens"": 0, ""requests"": 42, ""remainingTokens"": -1, ""dailyLimitTokens"": -1, ""remainingRequests"": 0, ""dailyLimitRequests"": 33}, ""webpeel"": {""tokens"": 0, ""requests"": 0, ""remainingTokens"": -1, ""dailyLimitTokens"": -1, ""remainingRequests"": 125, ""dailyLimitRequests"": 125}, ""_devMode"": false, ""firecrawl"": {""tokens"": 0, ""requests"": 17, ""remainingTokens"": -1, ""dailyLimitTokens"": -1, ""remainingRequests"": 0, ""dailyLimitRequests"": 16}, ""duckduckgo"": {""tokens"": 0, ""requests"": 186, ""remainingTokens"": -1, ""dailyLimitTokens"": -1, ""remainingRequests"": -1, ""dailyLimitRequests"": -1}, ""openrouter"": {""tokens"": 0, ""requests"": 0, ""remainingTokens"": 500000, ""dailyLimitTokens"": 500000, ""remainingRequests"": 200, ""dailyLimitRequests"": 200}}"
cmrhzqxkh000104jlpo6t4zfn,2026-07-12 16:11:41.297,,manual,running,0,0,,
cmrhzr07c000404jltag1ymgg,2026-07-12 16:11:44.712,,manual,running,0,0,,
cmrhzr1qb000604jlhzjuk9uc,2026-07-12 16:11:46.691,,manual,running,0,0,,
cmrhzr3o7000804jlersxscgs,2026-07-12 16:11:49.207,,manual,running,0,0,,
8d4b4fa9-e3bf-42f9-8ece-6cdb7e8e6a53,2026-07-15 02:29:06.66,,manual,running,0,0,,
cmrq5kx1a000004l7zpjot80h,2026-07-18 09:17:07.774,,scheduled,running,0,0,,
cmrq5kxs0000104l7xjgm75cj,2026-07-18 09:17:08.736,2026-07-18 09:17:09.565,manual,failed,0,0,Exited with code 1,
cmrq5kyk7000004la5fmf92mr,2026-07-18 09:17:09.752,,manual,running,0,0,,
cmrq5kykz000004jqb27mvcua,2026-07-18 09:17:09.779,,manual,running,0,0,,
cmrq5kyl4000004jo4e3xhxkk,2026-07-18 09:17:09.784,,manual,running,0,0,,
cmrq5kyl8000004jyff9mmf0u,2026-07-18 09:17:09.788,,manual,running,0,0,,
cmrq5kym6000004l4dzbkyi77,2026-07-18 09:17:09.822,,manual,running,0,0,,
cmrq5kyn8000004jut7hwlicy,2026-07-18 09:17:09.86,,manual,running,0,0,,
cmrq5kynd000004jxarlbxz2n,2026-07-18 09:17:09.865,,manual,running,0,0,,
cmrq5kynk000004kyetyr3ryz,2026-07-18 09:17:09.872,,manual,running,0,0,,
cmrq5kyob000004l78sb2ny29,2026-07-18 09:17:09.9,,manual,running,0,0,,
cmrq5kyrt000004l22eg1syox,2026-07-18 09:17:10.025,,manual,running,0,0,,
cmrq5kyw5000204l7ao00npmy,2026-07-18 09:17:10.181,,scheduled,running,0,0,,
cmrq5mn7q000104k29iyq64dn,2026-07-18 09:18:28.358,,scheduled,running,0,0,,
cmrq5mnj2000204l2jr5if3mk,2026-07-18 09:18:28.766,,manual,running,0,0,,
cmrq5mnj4000304l256jsnlz8,2026-07-18 09:18:28.768,,manual,running,0,0,,
cmrq5mnj3000104ju4ivdpxvz,2026-07-18 09:18:28.767,,manual,running,0,0,,
cmrq5mnj6000404l2m2jfzn74,2026-07-18 09:18:28.77,,manual,running,0,0,,
cmrq5mnjg000204kyjvpq19oe,2026-07-18 09:18:28.78,,manual,running,0,0,,
cmrq5mnjr000204l7v3j94uwu,2026-07-18 09:18:28.791,,manual,running,0,0,,
cmrq5mnjs000104jxzrlfswbk,2026-07-18 09:18:28.792,,manual,running,0,0,,
cmrq5kym2000004k2k9sslx2l,2026-07-18 09:17:09.818,2026-07-18 09:18:30.152,manual,failed,0,0,Exited with code 1,
cmrq5mnfc000204k2wspi4k1p,2026-07-18 09:18:28.632,2026-07-18 09:18:30.66,manual,failed,0,0,Exited with code 1,
cmrq5mnjb000304k2dv5qam6q,2026-07-18 09:18:28.775,2026-07-18 09:18:30.743,manual,failed,0,0,Exited with code 1,
cmrq5mnkh000104jqjgljsdy4,2026-07-18 09:18:28.817,,manual,running,0,0,,
cmrq5mnpv000404k2a9mbnu5h,2026-07-18 09:18:29.011,,scheduled,running,0,0,,
cmrq5t9rj000004kwpfvxer1l,2026-07-18 09:23:37.519,,scheduled,running,0,0,,
cmrq5taec000104kwtuqnwsvt,2026-07-18 09:23:38.34,,manual,running,0,0,,
cmrq5tb2o000004jued1s32vy,2026-07-18 09:23:39.216,,manual,running,0,0,,
cmrq5tb3n000004glyhodiqfb,2026-07-18 09:23:39.251,,manual,running,0,0,,
cmrq5tb3t000004jrysgbvpuk,2026-07-18 09:23:39.257,,manual,running,0,0,,
cmrq5tb42000004l7rgshizyt,2026-07-18 09:23:39.266,,manual,running,0,0,,
cmrq5tb41000004la1teyn6dn,2026-07-18 09:23:39.266,,manual,running,0,0,,
cmrq5tb48000004l7o4bgp79g,2026-07-18 09:23:39.272,,manual,running,0,0,,
cmrq5tb4b000004l8pmvktzwl,2026-07-18 09:23:39.275,,manual,running,0,0,,
cmrq5tb4e000004jvay5buk88,2026-07-18 09:23:39.278,,manual,running,0,0,,
cmrq5tb4n000004jljpxux1y6,2026-07-18 09:23:39.287,,manual,running,0,0,,
cmrq5tb4s000004l14jr8u893,2026-07-18 09:23:39.292,,manual,running,0,0,,
cmrq5tb54000004jm5hyyys9x,2026-07-18 09:23:39.304,,manual,running,0,0,,
50d3f5bc-bb86-472b-8922-b9f30a81e8c1,2026-07-18 09:47:12.513,,manual,running,0,0,,
cmrrhuh5n000104ic5klu8rhf,2026-07-19 07:48:15.323,,manual,running,0,0,,
cmrrhuk52000304ich5dznnqk,2026-07-19 07:48:19.19,,manual,running,0,0,,
cmrrhum3e000504icg8qxs5sy,2026-07-19 07:48:21.722,,manual,running,0,0,,
cmrrhun5h000704ich5l98208,2026-07-19 07:48:23.093,,manual,running,0,0,,
cmrrhuo9z000904ic0kpwbyij,2026-07-19 07:48:24.551,,manual,running,0,0,,
cmrrhupbp000b04icb6j82r6k,2026-07-19 07:48:25.91,,manual,running,0,0,,
cmrrhuqv2000c04ice9zuf8e8,2026-07-19 07:48:27.902,,manual,running,0,0,,
cmrrhuru8000e04ic0rpovlkt,2026-07-19 07:48:29.168,,manual,running,0,0,,
cmrrhusr1000g04icld7c10g2,2026-07-19 07:48:30.349,,manual,running,0,0,,
cmrrhutts000h04iclj4z25lk,2026-07-19 07:48:31.744,,manual,running,0,0,,
cmrrhuvp6000j04icdwsqeoyq,2026-07-19 07:48:34.17,,manual,running,0,0,,
cmrrhux1b000k04icp0wgz1pl,2026-07-19 07:48:35.903,,manual,running,0,0,,
cmrrxc2vj0001enbr5fs8irfc,2026-07-19 15:01:50.863,2026-07-19 15:02:31.601,manual,success,0,0,,
cmrrxgmnh0002enbre6qwh7kb,2026-07-19 15:05:23.117,2026-07-19 15:06:03.045,manual,success,15,0,,
cmrrxk74g0004enbr0dbj1hn9,2026-07-19 15:08:09.616,2026-07-19 15:08:47.133,manual,success,0,0,,
cmrrxnn9n0007enbrtfqe0i3f,2026-07-19 15:10:50.507,2026-07-19 15:11:31.354,manual,success,0,0,,
cmrrxpd0w0008enbrhtpkprqu,2026-07-19 15:12:10.545,2026-07-19 15:12:49.754,manual,success,15,0,,
cmrrxsvqr0009enbrt1t9j37y,2026-07-19 15:14:54.771,2026-07-19 15:15:33.964,manual,success,15,0,,
cmrrxys9k000aenbri8tipfoq,2026-07-19 15:19:30.2,2026-07-19 15:20:07.289,manual,success,15,0,,
cmrry1ibk000cenbr80gllyo8,2026-07-19 15:21:37.28,2026-07-19 15:33:43.401,manual,failed,0,0,Exited with code 1,
cmrs011he0001iibr5ympka9c,2026-07-19 16:17:14.69,2026-07-19 16:24:11.493,manual,failed,0,0,Exited with code 1,
cmrs138fj00013ibr71zblw9r,2026-07-19 16:46:56.623,2026-07-19 17:15:09.185,manual,success,4371,225,,
cmrs29g7x0002w6br8js81r8k,2026-07-19 17:19:46.27,2026-07-19 17:22:54.715,manual,success,0,0,,
cmrs24i120001w6br4y4tssby,2026-07-19 17:15:55.334,2026-07-19 17:45:41.757,manual,success,4371,0,,
cmrs3b3jn0004w6br5ds6sixl,2026-07-19 17:49:02.771,2026-07-19 17:52:31.111,manual,success,0,0,,
cmrs3o4pg0006w6bri3sphsho,2026-07-19 17:59:10.804,2026-07-19 18:01:50.91,manual,success,10,0,,
cmrs3mtmc0005w6briwen3rx1,2026-07-19 17:58:09.78,2026-07-19 18:02:19.888,manual,success,0,0,,
cmrs4jdos0007w6bryqzrbk2d,2026-07-19 18:23:28.78,2026-07-19 18:25:46.963,manual,success,10,0,,
cmrs4q6xv0009w6br2m6ksipf,2026-07-19 18:28:46.627,2026-07-19 18:31:08.159,manual,success,0,0,,
cmrs57x1a000bw6br5lqvufo5,2026-07-19 18:42:33.598,2026-07-19 18:46:11.895,manual,success,19,19,,
cmrs5cxu3000dw6br8b5rfbe6,2026-07-19 18:46:27.915,2026-07-19 19:03:12.696,manual,success,3,3,,
cmrs6k9dt000fw6brv1n9jg3w,2026-07-19 19:20:09.089,2026-07-19 19:20:46.694,manual,success,0,0,,
cmrs7805i000hw6brve9vllg1,2026-07-19 19:38:36.87,2026-07-19 19:38:49.644,manual,success,0,0,,
cmrs80erd0001kpbrue7vl4uw,2026-07-19 20:00:42.17,2026-07-19 20:01:21.088,manual,success,0,0,,
cmrsmztg4000004l797xxsb9s,2026-07-20 03:00:08.788,,scheduled,running,0,0,,
cmrsn07a2000104l7c1jkpnq7,2026-07-20 03:00:26.714,,manual,running,0,0,,
cmrsn07cp000204l7mdcqbgl1,2026-07-20 03:00:26.809,,manual,running,0,0,,
cmrsn081b000004l12iz4wxs5,2026-07-20 03:00:27.695,,manual,running,0,0,,
cmrsn081i000004jxuaikn8dn,2026-07-20 03:00:27.702,,manual,running,0,0,,
cmrsn081o000004kwekgzzs3j,2026-07-20 03:00:27.708,,manual,running,0,0,,
cmrsn0823000004l5lr2zh618,2026-07-20 03:00:27.723,,manual,running,0,0,,
cmrsn0827000004jwtshp4jja,2026-07-20 03:00:27.727,,manual,running,0,0,,
cmrsn082c000004ld2fb03ged,2026-07-20 03:00:27.732,,manual,running,0,0,,
cmrsn082g000004jru4dpg742,2026-07-20 03:00:27.736,,manual,running,0,0,,
cmrsn082i000004kyaij98own,2026-07-20 03:00:27.738,,manual,running,0,0,,
cmrsn0831000004l1dm6kskpl,2026-07-20 03:00:27.758,,manual,running,0,0,,
cmrsn083x000004jv19h3h4hl,2026-07-20 03:00:27.789,,manual,running,0,0,,
cmrsqsr920003kpbrl57qlrxp,2026-07-20 04:46:37.814,2026-07-20 04:47:02.37,manual,success,0,0,,
cmrsreoiw0005kpbrpkibgqkv,2026-07-20 05:03:40.713,2026-07-20 05:04:26.395,manual,success,0,0,,
cmrsrl62s0007kpbrt9stmqdn,2026-07-20 05:08:43.396,2026-07-20 05:09:28.659,manual,success,0,0,,
cmrsrtzgv0009kpbrnogq28yb,2026-07-20 05:15:34.736,2026-07-20 06:17:14.546,manual,success,434,434,,
db3a1b90-4f86-431f-8bb2-066a9e099722,2026-07-20 05:21:19.03,2026-07-20 05:22:51.119,manual,success,142,14,,"{""groq"": {""tokens"": 13648, ""requests"": 12, ""remainingTokens"": 86352, ""dailyLimitTokens"": 100000, ""remainingRequests"": 988, ""dailyLimitRequests"": 1000}, ""jina"": {""tokens"": 0, ""requests"": 143, ""remainingTokens"": -1, ""dailyLimitTokens"": -1, ""remainingRequests"": 57, ""dailyLimitRequests"": 200}, ""brave"": {""tokens"": 0, ""requests"": 0, ""remainingTokens"": -1, ""dailyLimitTokens"": -1, ""remainingRequests"": 66, ""dailyLimitRequests"": 66}, ""tavily"": {""tokens"": 0, ""requests"": 42, ""remainingTokens"": -1, ""dailyLimitTokens"": -1, ""remainingRequests"": 0, ""dailyLimitRequests"": 33}, ""webpeel"": {""tokens"": 0, ""requests"": 0, ""remainingTokens"": -1, ""dailyLimitTokens"": -1, ""remainingRequests"": 125, ""dailyLimitRequests"": 125}, ""_devMode"": false, ""firecrawl"": {""tokens"": 0, ""requests"": 20, ""remainingTokens"": -1, ""dailyLimitTokens"": -1, ""remainingRequests"": 0, ""dailyLimitRequests"": 16}, ""duckduckgo"": {""tokens"": 0, ""requests"": 186, ""remainingTokens"": -1, ""dailyLimitTokens"": -1, ""remainingRequests"": -1, ""dailyLimitRequests"": -1}, ""openrouter"": {""tokens"": 0, ""requests"": 0, ""remainingTokens"": 500000, ""dailyLimitTokens"": 500000, ""remainingRequests"": 200, ""dailyLimitRequests"": 200}}"
a2d18f03-1d3e-4774-af9a-ea58f358e0fb,2026-07-20 05:30:57.243,2026-07-20 05:31:35.014,manual,success,0,0,,"{""groq"": {""tokens"": 13648, ""requests"": 12, ""remainingTokens"": 86352, ""dailyLimitTokens"": 100000, ""remainingRequests"": 988, ""dailyLimitRequests"": 1000}, ""jina"": {""tokens"": 0, ""requests"": 143, ""remainingTokens"": -1, ""dailyLimitTokens"": -1, ""remainingRequests"": 57, ""dailyLimitRequests"": 200}, ""brave"": {""tokens"": 0, ""requests"": 0, ""remainingTokens"": -1, ""dailyLimitTokens"": -1, ""remainingRequests"": 66, ""dailyLimitRequests"": 66}, ""tavily"": {""tokens"": 0, ""requests"": 42, ""remainingTokens"": -1, ""dailyLimitTokens"": -1, ""remainingRequests"": 0, ""dailyLimitRequests"": 33}, ""webpeel"": {""tokens"": 0, ""requests"": 0, ""remainingTokens"": -1, ""dailyLimitTokens"": -1, ""remainingRequests"": 125, ""dailyLimitRequests"": 125}, ""_devMode"": false, ""firecrawl"": {""tokens"": 0, ""requests"": 20, ""remainingTokens"": -1, ""dailyLimitTokens"": -1, ""remainingRequests"": 0, ""dailyLimitRequests"": 16}, ""duckduckgo"": {""tokens"": 0, ""requests"": 446, ""remainingTokens"": -1, ""dailyLimitTokens"": -1, ""remainingRequests"": -1, ""dailyLimitRequests"": -1}, ""openrouter"": {""tokens"": 0, ""requests"": 0, ""remainingTokens"": 500000, ""dailyLimitTokens"": 500000, ""remainingRequests"": 200, ""dailyLimitRequests"": 200}}"
58951a90-041c-44fd-826b-dd61fe955f38,2026-07-20 15:42:08.962,,manual,running,0,0,,
cmrwfqjb70000g8brv0qf8o7v,2026-07-22 18:48:03.139,,manual,running,0,0,,"{""venues"": ""jina+puppeteer""}"
cmrx4rpen00008gbr8tyb1qnf,2026-07-23 06:28:48.099,,manual,running,0,0,,
cmrx4rtoi00000tbrclrbhqtz,2026-07-23 06:28:53.634,,manual,running,0,0,,"{""venues"": ""jina+puppeteer""}"
