id,name,address,city,state,sourceUrl,active,createdAt,updatedAt,shortName,type,parentId,lastIngestedAt,venueType
cmr9cp53e0000f2bra1ucm91b,Chester,,Chester,PA,,t,2026-07-06 15:04:17.163,2026-07-06 15:04:17.163,,CITY,,,
cmr9cp5ou0001f2brioso7j1o,Subaru Park,"1 Stadium Drive Chester, PA 19013",Chester,PA,,t,2026-07-06 15:04:17.934,2026-07-06 15:04:17.934,Subaru Park,VENUE,cmr9cp53e0000f2bra1ucm91b,,
cmr9cp6b50002f2br6e8e1ipg,Philadelphia,,Philadelphia,PA,,t,2026-07-06 15:04:18.737,2026-07-06 15:04:18.737,,CITY,,,
cmr9cp6nw0003f2br6x9nekqb,Philadelphia Convention Center,"1101 Arch Street, Philadelphia, PA 19107",Philadelphia,PA,,t,2026-07-06 15:04:19.196,2026-07-06 15:04:19.196,Philadelphia Convention Center,VENUE,cmr9cp6b50002f2br6e8e1ipg,,
cmr9cp71e0004f2brro5nvfsf,Philadelphia Marriott Downtown,"1201 Market Street, Philadelphia, PA 19107",Philadelphia,PA,,t,2026-07-06 15:04:19.682,2026-07-06 15:04:19.682,Marriott,VENUE,cmr9cp6b50002f2br6e8e1ipg,,
cmr9cp7ds0005f2brcl6fsao2,Loews Philadelphia Hotel,"1200 Market Street, Philadelphia, PA 19107",Philadelphia,PA,,t,2026-07-06 15:04:20.128,2026-07-06 15:04:20.128,Lowes Hotel,VENUE,cmr9cp6b50002f2br6e8e1ipg,,
cmr9cp7tl0006f2br7q9oyfig,Element Philadelphia Downtown,"1441 Chestnut Street, Philadelphia, PA 19102",Philadelphia,PA,,t,2026-07-06 15:04:20.697,2026-07-06 15:04:20.697,Element Philadelphia,VENUE,cmr9cp6b50002f2br6e8e1ipg,,
cmr9cp8fx0007f2brnq3smvy0,Hyatt Centric Center City Philadelphia,"1620 Chancellor Street, Philadelphia, PA 19103",Philadelphia,PA,,t,2026-07-06 15:04:21.501,2026-07-06 15:04:21.501,Hyatt CC,VENUE,cmr9cp6b50002f2br6e8e1ipg,,
cmr9cp8so0008f2breggklp1p,Sheraton Philadelphia Downtown Hotel,"201 North 17th Street, Philadelphia, PA 19103",Philadelphia,PA,,t,2026-07-06 15:04:21.96,2026-07-06 15:04:21.96,Sheraton Philadelphia Downtown,VENUE,cmr9cp6b50002f2br6e8e1ipg,,
cmr9cp9b60009f2br3gsp7mvt,W Philadelphia,"1439 Chestnut St, Philadelphia, PA 19102",Philadelphia,PA,,t,2026-07-06 15:04:22.626,2026-07-06 15:04:22.626,W Philadelphia,VENUE,cmr9cp6b50002f2br6e8e1ipg,,
cmr9cp9qt000af2brh7nn3gc4,The Bellevue Hotel Philadelphia,"200 South Broad Street, Philadelphia, PA 19102",Philadelphia,PA,,t,2026-07-06 15:04:23.189,2026-07-06 15:04:23.189,The Bellevue,VENUE,cmr9cp6b50002f2br6e8e1ipg,,
cmr9cpa3e000bf2brnvkqdv4j,Cira Centre Philadelphia,"2929 Arch Street, Philadelphia, PA 19104",Philadelphia,PA,,t,2026-07-06 15:04:23.642,2026-07-06 15:04:23.642,Circa Center,VENUE,cmr9cp6b50002f2br6e8e1ipg,,
cmr9cpafw000cf2brpgkky9rd,The Logan Philadelphia Hotel,"One Logan Square, Philadelphia, PA 19103",Philadelphia,PA,,t,2026-07-06 15:04:24.092,2026-07-06 15:04:24.092,The Logan,VENUE,cmr9cp6b50002f2br6e8e1ipg,,
cmr9cpas9000df2brca7x9kq2,Four Seasons Hotel Philadelphia at Comcast Center,"1 N. 19th Street, Philadelphia, PA 19103",Philadelphia,PA,,t,2026-07-06 15:04:24.537,2026-07-06 15:04:24.537,Four Seasons,VENUE,cmr9cp6b50002f2br6e8e1ipg,,
cmr9cpb4m000ef2brr8zomakh,Sofitel Philadelphia at Rittenhouse Square,"120 South 17th Street, Philadelphia, PA 19103",Philadelphia,PA,,t,2026-07-06 15:04:24.982,2026-07-06 15:04:24.982,Sofitel,VENUE,cmr9cp6b50002f2br6e8e1ipg,,
cmr9cpbrc000ff2br9hzfq6n6,The Ritz-Carlton Philadelphia,"10 Avenue of the Arts, Philadelphia, PA 19102",Philadelphia,PA,,t,2026-07-06 15:04:25.8,2026-07-06 15:04:25.8,The Ritz-Carlton,VENUE,cmr9cp6b50002f2br6e8e1ipg,,
cmr9cpc3h000gf2brg5ckrkqd,The Union League of Philadelphia,"140 South Broad Street, Philadelphia, PA 19102",Philadelphia,PA,,t,2026-07-06 15:04:26.237,2026-07-06 15:04:26.237,Union League,VENUE,cmr9cp6b50002f2br6e8e1ipg,,
cmr9cpcpi000hf2brgoij0gz3,Sonesta Hotel Philadelphia,"1800 Market Street, Philadelphia, PA 19103",Philadelphia,PA,,t,2026-07-06 15:04:27.03,2026-07-06 15:04:27.03,Sonesta,VENUE,cmr9cp6b50002f2br6e8e1ipg,,
cmr9cpdcd000if2brf5rhxbp2,Philadelphia Marriott Old City,"One Dock Street, Philadelphia, PA 19106",Philadelphia,PA,,t,2026-07-06 15:04:27.853,2026-07-06 15:04:27.853,Marriott Old City,VENUE,cmr9cp6b50002f2br6e8e1ipg,,
cmr9cpdtc000jf2brljx7e4mo,Kimpton Hotel Palomar Philadelphia,"117 South 17th Street, Philadelphia, PA 19103",Philadelphia,PA,,t,2026-07-06 15:04:28.464,2026-07-06 15:04:28.464,Kimpton - Palamor,VENUE,cmr9cp6b50002f2br6e8e1ipg,,
cmr9cpe6h000kf2brtciqikdo,Kimpton Hotel Monaco Philadelphia,"433 Chestnut Street, Philadelphia, PA 19106",Philadelphia,PA,,t,2026-07-06 15:04:28.937,2026-07-06 15:04:28.937,Kimpton-Monaco,VENUE,cmr9cp6b50002f2br6e8e1ipg,,
cmr9cpejk000lf2brf7ppjiji,Live! Casino and Hotel Philadelphia,"900 Packer Ave, Philadelphia, PA 19148",Philadelphia,PA,,t,2026-07-06 15:04:29.408,2026-07-06 15:04:29.408,Live Casino,VENUE,cmr9cp6b50002f2br6e8e1ipg,,
cmr9cpeze000mf2brxor992ph,Hilton Philadelphia at Penn's Landing,"201 S Christopher Columbus Blvd, Philadelphia, PA 19106",Philadelphia,PA,,t,2026-07-06 15:04:29.978,2026-07-06 15:04:29.978,Hilton Penns Landing,VENUE,cmr9cp6b50002f2br6e8e1ipg,,
cmr9cpfbp000nf2brz28iky94,Philadelphia Airport Marriott,"One Arrivals Road, Philadelphia International Airport, PA 19153",Philadelphia,PA,,t,2026-07-06 15:04:30.421,2026-07-06 15:04:30.421,Airport Marriott,VENUE,cmr9cp6b50002f2br6e8e1ipg,,
cmr9cpfoc000of2br685gad34,Holiday Inn & Suites Philadelphia W - Drexel Hill,"5400 Ferne Blvd., Drexel Hill, PA 19026",Philadelphia,PA,,t,2026-07-06 15:04:30.876,2026-07-06 15:04:30.876,Holiday - Drexel Hill,VENUE,cmr9cp6b50002f2br6e8e1ipg,,
cmr9cpg0q000pf2brtg7tnjnf,Temple University Conference Center,"1925 N 12th St, Philadelphia, PA 19122",Philadelphia,PA,,t,2026-07-06 15:04:31.322,2026-07-06 15:04:31.322,Temple University,VENUE,cmr9cp6b50002f2br6e8e1ipg,,
cmr9cpgfm000qf2brjkggslhl,The Warwick Rittenhouse Square,"220 S 17th Street, Philadelphia, PA 19103",Philadelphia,PA,,t,2026-07-06 15:04:31.859,2026-07-06 15:04:31.859,Warwick Hotel,VENUE,cmr9cp6b50002f2br6e8e1ipg,,
cmr9cpgtq000rf2brxjsaf0si,The Notary Hotel Philadelphia,"21 N Juniper St, Philadelphia, PA 19107",Philadelphia,PA,,t,2026-07-06 15:04:32.366,2026-07-06 15:04:32.366,Notary Hotel,VENUE,cmr9cp6b50002f2br6e8e1ipg,,
cmr9cph5y000sf2brzlrlznzr,Other Philadelphia Venues (Various),"Philadelphia, PA",Philadelphia,PA,,t,2026-07-06 15:04:32.806,2026-07-06 15:04:32.806,Others Philadelphia,VENUE,cmr9cp6b50002f2br6e8e1ipg,,
cmr9cphic000tf2brkrlc3xjf,Stateside Live!,"1100 Pattison Ave, Philadelphia, PA 19148",Philadelphia,PA,,t,2026-07-06 15:04:33.252,2026-07-06 15:04:33.252,Stateside Live!,VENUE,cmr9cp6b50002f2br6e8e1ipg,,
cmr9cphv0000uf2br1svbd7qx,Independence Seaport Museum,"211 South Columbus Boulevard, Philadelphia, PA 19106",Philadelphia,PA,,t,2026-07-06 15:04:33.708,2026-07-06 15:04:33.708,,VENUE,cmr9cp6b50002f2br6e8e1ipg,,
cmr9cpi7j000vf2brccglw8ci,Pennsylvania Academy of the Fine Arts,"118-128 North Broad Street, Philadelphia, PA 19102",Philadelphia,PA,,t,2026-07-06 15:04:34.159,2026-07-06 15:04:34.159,,VENUE,cmr9cp6b50002f2br6e8e1ipg,,
cmr9cpijt000wf2brfiyl1m8g,The Crystal Tea Room,"100 Penn Square East, 9th. Floor, The Wanamaker Building, Philadelphia, PA 19107",Philadelphia,PA,,t,2026-07-06 15:04:34.601,2026-07-06 15:04:34.601,,VENUE,cmr9cp6b50002f2br6e8e1ipg,,
cmr9cpiwl000xf2brqfhvqfds,The Liberty View,"One North Independence Mall West, Philadelphia, PA 19106",Philadelphia,PA,,t,2026-07-06 15:04:35.062,2026-07-06 15:04:35.062,,VENUE,cmr9cp6b50002f2br6e8e1ipg,,
cmr9cpj8z000yf2brgw665ksk,Valley Forge Casino Resort,"1160 First Avenue, King of Prussia, PA 19406",Philadelphia,PA,,t,2026-07-06 15:04:35.507,2026-07-06 15:04:35.507,VF Casino,VENUE,cmr9cp6b50002f2br6e8e1ipg,,
cmr9cpjlh000zf2brremwdkry,Oaks,,Oaks,PA,,t,2026-07-06 15:04:35.957,2026-07-06 15:04:35.957,,CITY,,,
cmr9cpjz60010f2brdowkvaxv,Greater Philadelphia Expo Center at Oaks,"100 Station Avenue, Oaks, PA 19456",Oaks,PA,,t,2026-07-06 15:04:36.45,2026-07-06 15:04:36.45,Oaks Expo Center,VENUE,cmr9cpjlh000zf2brremwdkry,,
cmr9cpkbb0011f2brtmknu02d,Washington DC,,Washington DC,DC,,t,2026-07-06 15:04:36.887,2026-07-06 15:04:36.887,,CITY,,,
cmr9cpkuh0012f2br25x8xbzl,Walter E. Washington Convention Center,"801 Mount Vernon Pl NW, Washington, DC 20001",Washington DC,DC,,t,2026-07-06 15:04:37.577,2026-07-06 15:04:37.577,DC Convention Center,VENUE,cmr9cpkbb0011f2brtmknu02d,,
cmr9cpl6t0013f2br915ca7fg,Marriott Marquis Washington DC,"901 Massachusetts Ave NW, Washington, DC 20001",Washington DC,DC,,t,2026-07-06 15:04:38.021,2026-07-06 15:04:38.021,Marriott Marquis,VENUE,cmr9cpkbb0011f2brtmknu02d,,
cmr9cplpr0014f2br0sm3hfyg,Washington Hilton,"1919 Connecticut Ave NW, Washington, DC 20009",Washington DC,DC,,t,2026-07-06 15:04:38.703,2026-07-06 15:04:38.703,Hilton,VENUE,cmr9cpkbb0011f2brtmknu02d,,
cmr9cpm3z0015f2br8h4aj0or,Renaissance Washington DC Downtown Hotel,"999 9th St NW, Washington, DC 20001",Washington DC,DC,,t,2026-07-06 15:04:39.215,2026-07-06 15:04:39.215,Renaissance,VENUE,cmr9cpkbb0011f2brtmknu02d,,
cmr9cpmkc0016f2brj6bmf01e,Grand Hyatt Washington,"1000 H St NW, Washington, DC 20001",Washington DC,DC,,t,2026-07-06 15:04:39.804,2026-07-06 15:04:39.804,Grand Hyatt Washington,VENUE,cmr9cpkbb0011f2brtmknu02d,,
cmr9cpn4x0017f2brxjxl35c5,Omni Shoreham Hotel Washington DC,"2500 Calvert St NW, Washington, DC 20008",Washington DC,DC,,t,2026-07-06 15:04:40.545,2026-07-06 15:04:40.545,Omni Shoreham Hotel,VENUE,cmr9cpkbb0011f2brtmknu02d,,
cmr9cpnmb0018f2brxd66quku,JW Marriott Washington DC,"1331 Pennsylvania Ave NW, Washington, DC 20004",Washington DC,DC,,t,2026-07-06 15:04:41.171,2026-07-06 15:04:41.171,JW Marriott,VENUE,cmr9cpkbb0011f2brtmknu02d,,
cmr9cpo5w0019f2brsdnp06j6,Washington DC Annual Events (Various Venues),"Washington, DC",Washington DC,DC,,t,2026-07-06 15:04:41.876,2026-07-06 15:04:41.876,Annual Events DC,VENUE,cmr9cpkbb0011f2brtmknu02d,,
cmr9cpoi8001af2brdgzb76xh,Ronald Reagan Building,"1300 Pennsylvania Ave NW, Washington, DC 20004",Washington DC,DC,,t,2026-07-06 15:04:42.321,2026-07-06 15:04:42.321,Reagan Building,VENUE,cmr9cpkbb0011f2brtmknu02d,,
cmr9cpoux001bf2bre96w3qxj,America's Main Street,"Pennsylvania Avenue NW, Washington, D.C.",Washington DC,DC,,t,2026-07-06 15:04:42.777,2026-07-06 15:04:42.777,America's Main Street,VENUE,cmr9cpkbb0011f2brtmknu02d,,
cmr9cppy5001df2br2fq1qni1,Bethesda North Marriott Hotel & Conference Center,"5701 Marinelli Road, North Bethesda, MD 20852",Bethesda,MD,,t,2026-07-06 15:04:44.189,2026-07-06 15:04:44.189,Bethesda,VENUE,cmr9cppff001cf2brti4bhvtr,,
cmr9cpqaf001ef2br5wyyfaor,The Bethesdan Hotel (Tapestry Collection by Hilton),"8120 Wisconsin Ave, Bethesda, MD 20814",Bethesda,MD,,t,2026-07-06 15:04:44.631,2026-07-06 15:04:44.631,Bethesdan,VENUE,cmr9cppff001cf2brti4bhvtr,,
cmr9cpqmo001ff2brqosv8d44,Hyatt Regency Bethesda,"7400 Wisconsin Avenue, Bethesda, MD 20814",Bethesda,MD,,t,2026-07-06 15:04:45.072,2026-07-06 15:04:45.072,Hyatt,VENUE,cmr9cppff001cf2brti4bhvtr,,
cmr9cpr0b001gf2brgcfdolhv,National Harbor,,National Harbor,MD,,t,2026-07-06 15:04:45.563,2026-07-06 15:04:45.563,,CITY,,,
cmr9cprk9001hf2brr8z4b4dt,Gaylord National Resort & Convention Center,"201 Waterfront Street, National Harbor, MD 20745",National Harbor,MD,,t,2026-07-06 15:04:46.281,2026-07-06 15:04:46.281,Gaylord,VENUE,cmr9cpr0b001gf2brgcfdolhv,,
cmr9cps61001if2br6ochavbk,Harborside Hotel National Harbor,"6400 Oxon Hill Rd, National Harbor, MD 20745",National Harbor,MD,,t,2026-07-06 15:04:47.065,2026-07-06 15:04:47.065,Harborside,VENUE,cmr9cpr0b001gf2brgcfdolhv,,
cmr9cpstr001jf2brwu8dc2ey,MGM National Harbor,"101 MGM National Avenue, Oxon Hill, MD 20745",National Harbor,MD,,t,2026-07-06 15:04:47.919,2026-07-06 15:04:47.919,MGM,VENUE,cmr9cpr0b001gf2brgcfdolhv,,
cmr9cpuwn001nf2br6v624l1z,Baltimore Convention Center,"1 West Pratt Street, Baltimore, MD 21201",Baltimore,MD,,t,2026-07-06 15:04:50.615,2026-07-06 15:04:50.615,Baltimore Convention Center,VENUE,cmr9cpuka001mf2brhabs0gdl,,
cmr9cpv96001of2brvt99pumy,Hilton Baltimore Inner Harbor,"401 West Pratt Street, Baltimore, MD 21201",Baltimore,MD,,t,2026-07-06 15:04:51.066,2026-07-06 15:04:51.066,Hilton,VENUE,cmr9cpuka001mf2brhabs0gdl,,
cmr9cpvr2001pf2bri3dvmktc,Baltimore Marriott Inner Harbor at Camden Yards,"110 South Eutaw Street, Baltimore, MD 21201",Baltimore,MD,,t,2026-07-06 15:04:51.71,2026-07-06 15:04:51.71,Marriott IH,VENUE,cmr9cpuka001mf2brhabs0gdl,,
cmr9cpwdq001qf2brpe3b6b2d,Four Seasons Hotel Baltimore,"200 International Drive, Baltimore, MD 21202",Baltimore,MD,,t,2026-07-06 15:04:52.526,2026-07-06 15:04:52.526,Four Seasons,VENUE,cmr9cpuka001mf2brhabs0gdl,,
cmr9cpxhg001sf2brl4wpoaqy,Hyatt Regency Baltimore Inner Harbor,"300 Light Street, Baltimore, MD 21202",Baltimore,MD,,t,2026-07-06 15:04:53.956,2026-07-06 15:04:53.956,Hyatt Regency IH,VENUE,cmr9cpuka001mf2brhabs0gdl,,
cmr9cpxw5001tf2brccvs8xbg,Baltimore Marriott Waterfront,"700 Aliceanna Street, Baltimore, MD 21202",Baltimore,MD,,t,2026-07-06 15:04:54.485,2026-07-06 15:04:54.485,Marriott Waterfront,VENUE,cmr9cpuka001mf2brhabs0gdl,,
cmr9cpycw001uf2br3wt7pezf,Renaissance Baltimore Harborplace Hotel,"202 E Pratt St, Baltimore, MD 21202",Baltimore,MD,,t,2026-07-06 15:04:55.088,2026-07-06 15:04:55.088,Renaissance BHH,VENUE,cmr9cpuka001mf2brhabs0gdl,,
cmr9cpz2w001vf2brtwuimop6,Courtyard by Marriott Baltimore Downtown/Inner Harbor,"1000 Aliceanna Street, Harbor East, Baltimore, MD 21202",Baltimore,MD,,t,2026-07-06 15:04:56.024,2026-07-06 15:04:56.024,Courtyard Marriott,VENUE,cmr9cpuka001mf2brhabs0gdl,,
cmr9cpzme001wf2brefb8vjln,Hilton Garden Inn Baltimore Inner Harbor,"625 South President Street, Harbor East, Baltimore, MD 21202",Baltimore,MD,,t,2026-07-06 15:04:56.726,2026-07-06 15:04:56.726,Hilton Garden Inn,VENUE,cmr9cpuka001mf2brhabs0gdl,,
cmr9cq03f001xf2br6o1hzmi6,Hyatt Place Baltimore Inner Harbor,"511 South Central Avenue, Little Italy, Baltimore, MD 21202",Baltimore,MD,,t,2026-07-06 15:04:57.339,2026-07-06 15:04:57.339,Hyatt Place IH,VENUE,cmr9cpuka001mf2brhabs0gdl,,
cmr9cq0r8001yf2br3wa7ods3,Hotel Indigo Baltimore,"24 West Franklin Street, Baltimore, MD 21201",Baltimore,MD,,t,2026-07-06 15:04:58.196,2026-07-06 15:04:58.196,Hotel Indigo,VENUE,cmr9cpuka001mf2brhabs0gdl,,
cmr9cq17l001zf2brd4nc2hul,Lord Baltimore Hotel,"20 W Baltimore St, Baltimore, MD 21201",Baltimore,MD,,t,2026-07-06 15:04:58.785,2026-07-06 15:04:58.785,Lord Baltimore,VENUE,cmr9cpuka001mf2brhabs0gdl,,
cmr9cq1k30020f2brpe3tka0y,Hampton Inn Baltimore - Downtown Convention Center,"550 W Fayette St, Baltimore, MD 21201",Baltimore,MD,,t,2026-07-06 15:04:59.235,2026-07-06 15:04:59.235,Hampton Inn,VENUE,cmr9cpuka001mf2brhabs0gdl,,
cmr9cq1wc0021f2brb8ziz4h7,The Rita Rossi Colwell Center,"701 E Pratt St, Baltimore, MD 21202",Baltimore,MD,,t,2026-07-06 15:04:59.676,2026-07-06 15:04:59.676,Rita,VENUE,cmr9cpuka001mf2brhabs0gdl,,
cmr9cq28l0022f2brikprjibi,Murphy Fine Arts Center,"2201 Argonne Dr Baltimore, MD 21251",Baltimore,MD,,t,2026-07-06 15:05:00.117,2026-07-06 15:05:00.117,Murphy Fine Arts Center,VENUE,cmr9cpuka001mf2brhabs0gdl,,
cmr9cq2ks0023f2brytor87dj,Chesapeake Arena,"1000 Hilltop Circle, Baltimore, MD 21250",Baltimore,MD,,t,2026-07-06 15:05:00.556,2026-07-06 15:05:00.556,Chesapeake Arena,VENUE,cmr9cpuka001mf2brhabs0gdl,,
cmr9cpu38001lf2brpihd3wp2,Atlantic City Convention Center,"1 Convention Blvd, Atlantic City, NJ 08401",Atlantic City,NJ,,f,2026-07-06 15:04:49.556,2026-07-08 19:52:30.458,AC,VENUE,cmr9cptgh001kf2brur3x7ny8,,
cmr9cpwzz001rf2brrozpdf77,Hilton Baltimore Inner Harbor,"222 St. Paul Place, Baltimore, MD 21202",Baltimore,MD,,t,2026-07-06 15:04:53.327,2026-07-22 07:30:51.89,Embassy Suites,VENUE,cmr9cpuka001mf2brhabs0gdl,,
cmr9cppff001cf2brti4bhvtr,Bethesda,,Bethesda,MD,,t,2026-07-06 15:04:43.515,2026-07-20 05:22:50.667,,CITY,,2026-07-20 05:22:50.44,
cmr9cq2y90024f2brme5vdcu7,Graffiti warehouse,"128 W North Ave, Baltimore, MD 21201",Baltimore,MD,,t,2026-07-06 15:05:01.041,2026-07-06 15:05:01.041,Graffiti warehouse,VENUE,cmr9cpuka001mf2brhabs0gdl,,
cmr9cq3ex0025f2brycajnrs3,Ellicott City,,Ellicott City,MD,,t,2026-07-06 15:05:01.641,2026-07-06 15:05:01.641,,CITY,,,
cmr9cq41n0026f2br1nunckg2,Turf Valley Resort,"2700 Turf Valley Rd, Ellicott City, MD 21042",Ellicott City,MD,,t,2026-07-06 15:05:02.459,2026-07-06 15:05:02.459,Turf Valley,VENUE,cmr9cq3ex0025f2brycajnrs3,,
cmr9cq4eb0027f2br0pcplki1,West Friendship,,West Friendship,MD,,t,2026-07-06 15:05:02.915,2026-07-06 15:05:02.915,,CITY,,,
cmr9cq4zi0028f2breyjcg4zk,Howard County Fairgrounds,"2210 Fairgrounds Rd, West Friendship, MD 21794",West Friendship,MD,,t,2026-07-06 15:05:03.678,2026-07-06 15:05:03.678,H.C. Fairgrounds,VENUE,cmr9cq4eb0027f2br0pcplki1,,
cmr9cq5kf0029f2br3unmlpjg,Upper Marlboro,,Upper Marlboro,MD,,t,2026-07-06 15:05:04.431,2026-07-06 15:05:04.431,,CITY,,,
cmr9cq5yh002af2brlj7rwaqg,The Show Place Arena,"14900 Pennsylvania Avenue  Upper Marlboro, Maryland",Upper Marlboro,MD,,t,2026-07-06 15:05:04.937,2026-07-06 15:05:04.937,The Show Place Arena,VENUE,cmr9cq5kf0029f2br3unmlpjg,,
cmr9cq6qb002cf2brd5ebahqm,Chase Center on the Riverfront,"815 Justison St., Wilmington, DE 19801",Wilmington DE,DE,,t,2026-07-06 15:05:05.939,2026-07-06 15:05:05.939,Chase Center on the Riverfront,VENUE,cmr9cq6as002bf2brabt7hipl,,
cmr9cq77e002df2brsuttcy1t,Hotel DuPont,"42 West 11th St., Wilmington, DE 19801",Wilmington DE,DE,,t,2026-07-06 15:05:06.554,2026-07-06 15:05:06.554,Hotel DuPont,VENUE,cmr9cq6as002bf2brabt7hipl,,
cmr9cq7mv002ef2brvky6xdo1,DoubleTree by Hilton Wilmington,"4727 Concord Pike, Wilmington, DE 19803",Wilmington DE,DE,,t,2026-07-06 15:05:07.111,2026-07-06 15:05:07.111,DoubleTree by Hilton,VENUE,cmr9cq6as002bf2brabt7hipl,,
cmr9e6s1a0001fpbr0ulq6i2g,America’s Center,,,,https://www.blackmeetingsandtourism.com/pages/Meetings-Conventions/AMERICA-S-CENTER.aspx,t,2026-07-06 15:45:59.662,2026-07-06 15:45:59.662,,VENUE,,,
cmr9e6yzm000ffpbrcxpyn9vo,Las Vegas Convention Center,,,,https://www.blackmeetingsandtourism.com/pages/Meetings-Conventions/LAS-VEGAS-CONVENTION-CENTER.aspx,t,2026-07-06 15:46:08.674,2026-07-06 15:46:08.674,,VENUE,,,
cmr9e72j4000mfpbrjmjbfo2x,Pennsylvania Convention Center,,,,https://www.blackmeetingsandtourism.com/pages/Meetings-Conventions/PENNSYLVANIA-CONVENTION-CENTER.aspx,t,2026-07-06 15:46:13.264,2026-07-06 15:46:13.264,,VENUE,,,
cmr9e6sk10002fpbrztkdg3jl,Austin Convention Center,,,,https://www.blackmeetingsandtourism.com/pages/Meetings-Conventions/AUSTIN-CONVENTION-CENTER.aspx,f,2026-07-06 15:46:00.338,2026-07-08 19:52:31.838,,VENUE,,,
cmr9e6t4m0003fpbr9tua50n7,Birmingham Jefferson Convention Complex,,,,https://www.blackmeetingsandtourism.com/pages/Meetings-Conventions/BIRMINGHAM-JEFFERSON-CONVENTION-COMPLEX.aspx,f,2026-07-06 15:46:01.079,2026-07-08 19:52:36.539,,VENUE,,,
cmr9e6trd0004fpbri1nsbv0q,Charlotte Convention Center,,,,https://www.blackmeetingsandtourism.com/pages/Meetings-Conventions/CHARLOTTE-CONVENTION-CENTER.aspx,f,2026-07-06 15:46:01.897,2026-07-08 19:52:37.979,,VENUE,,,
cmr9e6u910005fpbrlg2k7hct,Colorado Convention Center,,,,https://www.blackmeetingsandtourism.com/pages/Meetings-Conventions/COLORADO-CONVENTION-CENTER.aspx,f,2026-07-06 15:46:02.533,2026-07-08 19:52:43.951,,VENUE,,,
cmr9e6uva0006fpbrs29fecyp,Duke Energy Center,,,,https://www.blackmeetingsandtourism.com/pages/Meetings-Conventions/DUKE-ENERGY-CENTER.aspx,f,2026-07-06 15:46:03.334,2026-07-08 19:52:50.866,,VENUE,,,
cmr9e6vi30007fpbrw0l36scl,Fort Worth Convention Center,,,,https://www.blackmeetingsandtourism.com/pages/Meetings-Conventions/FORT-WORTH-CONVENTION-CENTER.aspx,f,2026-07-06 15:46:04.155,2026-07-08 19:52:54.051,,VENUE,,,
cmr9e6vun0008fpbrrxz80ax1,Genesis Convention Center,,,,https://www.blackmeetingsandtourism.com/pages/Meetings-Conventions/GENESIS-CONVENTION-CENTER.aspx,f,2026-07-06 15:46:04.608,2026-07-08 19:52:58.651,,VENUE,,,
cmr9e6wdb0009fpbr0vn1f16q,George R. Brown Convention Center,,,,https://www.blackmeetingsandtourism.com/pages/Meetings-Conventions/GEORGE-R-BROWN-CONVENTION-CENTER.aspx,f,2026-07-06 15:46:05.279,2026-07-08 19:53:00.826,,VENUE,,,
cmr9e6wub000afpbrls9t90za,Greater Columbus Convention Center,,,,https://www.blackmeetingsandtourism.com/pages/Meetings-Conventions/GREATER-COLUMBUS-CONVENTION-CENTER.aspx,f,2026-07-06 15:46:05.891,2026-07-08 19:53:06.199,,VENUE,,,
cmr9e6xbp000bfpbr90o3cuev,Greater Fort Lauderdale Broward County Convention Center,,,,https://www.blackmeetingsandtourism.com/pages/Meetings-Conventions/GREATER-FORT-LAUDERDALE-BROWARD-COUNTY-CONVENTIO.aspx,f,2026-07-06 15:46:06.517,2026-07-08 19:53:07.316,,VENUE,,,
cmr9e6xo2000cfpbrw48frg7j,Hampton Roads Convention Center,,,,https://www.blackmeetingsandtourism.com/pages/Meetings-Conventions/HAMPTON-ROADS-CONVENTION-CENTER.aspx,f,2026-07-06 15:46:06.962,2026-07-08 19:53:13.594,,VENUE,,,
cmr9e6y2e000dfpbr552h6z8e,Henry B. Gonzalez Convention Center,,,,https://www.blackmeetingsandtourism.com/pages/Meetings-Conventions/HENRY-B-GONZALEZ-CONVENTION-CENTER.aspx,f,2026-07-06 15:46:07.478,2026-07-08 19:53:17.332,,VENUE,,,
cmr9e6yi0000efpbrs4xy7ued,Kansas City Convention Center,,,,https://www.blackmeetingsandtourism.com/pages/Meetings-Conventions/KANSAS-CITY-CONVENTION-CENTER.aspx,f,2026-07-06 15:46:08.041,2026-07-08 19:53:29.687,,VENUE,,,
cmr9e6zlv000gfpbr3lxw0j50,Memphis Cook Convention Center,,,,https://www.blackmeetingsandtourism.com/pages/Meetings-Conventions/MEMPHIS-COOK-CONVENTION-CENTER.aspx,f,2026-07-06 15:46:09.475,2026-07-08 19:53:39.631,,VENUE,,,
cmr9e708l000hfpbr39nupz91,Mobile Convention Center,,,,https://www.blackmeetingsandtourism.com/pages/Meetings-Conventions/MOBILE-CONVENTION-CENTER.aspx,f,2026-07-06 15:46:10.293,2026-07-08 19:53:40.715,,VENUE,,,
cmr9e70vd000ifpbrdqovjsn8,Nashville Convention Center,,,,https://www.blackmeetingsandtourism.com/pages/Meetings-Conventions/NASHVILLE-CONVENTION-CENTER.aspx,f,2026-07-06 15:46:11.113,2026-07-08 19:53:42.966,,VENUE,,,
cmr9e71ch000jfpbrla47z1bz,Norfolk Convention Center,,,,https://www.blackmeetingsandtourism.com/pages/Meetings-Conventions/NORFOLK-CONVENTION-CENTER.aspx,f,2026-07-06 15:46:11.729,2026-07-08 19:53:44.082,,VENUE,,,
cmr9e71ot000kfpbrbj15xlqs,Oakland Convention Center,,,,https://www.blackmeetingsandtourism.com/pages/Meetings-Conventions/OAKLAND-CONVENTION-CENTER.aspx,f,2026-07-06 15:46:12.173,2026-07-08 19:53:45.378,,VENUE,,,
cmr9e723t000lfpbrqyg4xzsp,Orange County Convention Center,,,,https://www.blackmeetingsandtourism.com/pages/Meetings-Conventions/ORANGE-COUNTY-CONVENTION-CENTER.aspx,f,2026-07-06 15:46:12.713,2026-07-08 19:53:47.985,,VENUE,,,
cmr9e735x000nfpbr87hmp4xz,Plano Centre,,,,https://www.blackmeetingsandtourism.com/pages/Meetings-Conventions/PLANO-CENTRE.aspx,f,2026-07-06 15:46:14.085,2026-07-08 19:53:56.56,,VENUE,,,
cmr9e73ig000ofpbr7e9u64xy,San Diego Convention Center,,,,https://www.blackmeetingsandtourism.com/pages/Meetings-Conventions/SAN-DIEGO-CONVENTION-CENTER.aspx,f,2026-07-06 15:46:14.536,2026-07-08 19:54:00.249,,VENUE,,,
cmr9e73v8000pfpbrrkc3atu6,Virginia Beach Convention Center,,,,https://www.blackmeetingsandtourism.com/pages/Meetings-Conventions/VIRGINIA-BEACH-CONVENTION-CENTER.aspx,f,2026-07-06 15:46:14.996,2026-07-08 19:54:14.951,,VENUE,,,
cmr9cq6as002bf2brabt7hipl,Wilmington DE,,Wilmington DE,DE,,t,2026-07-06 15:05:05.38,2026-07-20 05:31:34.556,,CITY,,2026-07-20 05:31:34.337,
cmr9e6rnv0000fpbrdc18zb4w,Albuquerque Convention Center,,,,https://www.blackmeetingsandtourism.com/pages/Meetings-Conventions/ALBUQUERQUE-CONVENTION-CENTER.aspx,f,2026-07-06 15:45:59.179,2026-07-08 19:52:25.093,,VENUE,,,
cmr9cptgh001kf2brur3x7ny8,Atlantic City,,Atlantic City,NJ,,f,2026-07-06 15:04:48.737,2026-07-11 20:11:09.189,,CITY,,2026-07-11 20:11:08.937,
cmrs5w0hq001l53br43wh7j00,Northeast Garden Inn,3400 Fort Meade Road,Laurel,Maryland,https://hotelsinlaurel.com,t,2026-07-19 19:01:17.822,2026-07-19 19:01:17.822,,VENUE,cmr9cpuka001mf2brhabs0gdl,,
cmrs5w0uo001n53brsmomgho5,Homewood Suites by Hilton Baltimore,625 S. President St.,Baltimore,Maryland,https://baltimore.homewoodsuites.com,t,2026-07-19 19:01:18.288,2026-07-19 19:01:18.288,,VENUE,cmr9cpuka001mf2brhabs0gdl,,
cmr9cpuka001mf2brhabs0gdl,Baltimore,,Baltimore,MD,,t,2026-07-06 15:04:50.17,2026-07-11 20:33:02.625,,CITY,,2026-07-11 20:33:02.619,
cmrs5vnml000353br3y61ldfh,Sheraton Inner Harbor Hotel,300 S. Charles St.,Baltimore,Maryland,https://sheratoninnerharbor.com,t,2026-07-19 19:01:01.149,2026-07-19 19:01:01.149,,VENUE,cmr9cpuka001mf2brhabs0gdl,,
cmrs5vo1l000553br0d92wnfq,BWI Airport Marriott,1743 W. Nursery Road,Linthicum,Maryland,https://bwimarriott.com,t,2026-07-19 19:01:01.689,2026-07-19 19:01:01.689,,VENUE,cmr9cpuka001mf2brhabs0gdl,,
cmrs5vok2000753brq55ozuhr,Live! Casino & Hotel Maryland,7002 Arundel Mills Circle,Hanover,Maryland,https://maryland.livecasinohotel.com,t,2026-07-19 19:01:02.354,2026-07-19 19:01:02.354,,VENUE,cmr9cpuka001mf2brhabs0gdl,,
cmrs5vp6r000953br05y84od9,Embassy Suites by Hilton  - Baltimore Inner Harbor,222 St. Paul Place,Baltimore,Maryland,https://embassysuitesbaltimore.com,t,2026-07-19 19:01:03.171,2026-07-19 19:01:03.171,,VENUE,cmr9cpuka001mf2brhabs0gdl,,
cmrs5vpm7000b53br6de05vpp,Sheraton Baltimore North Hotel,903 Dulaney Valley Road,Towson,Maryland,https://sheratonbaltimorenorth.com,t,2026-07-19 19:01:03.727,2026-07-19 19:01:03.727,,VENUE,cmr9cpuka001mf2brhabs0gdl,,
cmrs5vq22000d53br2nc8586w,Hilton Baltimore BWI Airport,1739 W. Nursery Road,Linthicum Heights,Maryland,https://baltimoreairport.hilton.com,t,2026-07-19 19:01:04.298,2026-07-19 19:01:04.298,,VENUE,cmr9cpuka001mf2brhabs0gdl,,
cmrs5vqjy000f53br2vqi36ns,DoubleTree by Hilton Baltimore - BWI Airport Hotel,890 Elkridge Landing Road,Linthicum,Maryland,https://doubletree3.hilton.com,t,2026-07-19 19:01:04.942,2026-07-19 19:01:04.942,,VENUE,cmr9cpuka001mf2brhabs0gdl,,
cmrs5vr2w000h53brrstdy5jq,Westin Baltimore Washington Airport,1110 Old Elkridge Landing Road,Linthicum,Maryland,https://westinbwi.com,t,2026-07-19 19:01:05.624,2026-07-19 19:01:05.624,,VENUE,cmr9cpuka001mf2brhabs0gdl,,
cmrs5vrl1000j53br3sevi997,Embassy Suites Baltimore at BWI Airport,1300 Concourse Drive,Linthicum,Maryland,https://baltimorebwiairport.embassysuites.com,t,2026-07-19 19:01:06.277,2026-07-19 19:01:06.277,,VENUE,cmr9cpuka001mf2brhabs0gdl,,
cmrs5vs6o000l53brr3tl5kif,Days Inn Inner Harbor,100 Hopkins Place,Baltimore,Maryland,https://daysinnerharbor.com,t,2026-07-19 19:01:07.057,2026-07-19 19:01:07.057,,VENUE,cmr9cpuka001mf2brhabs0gdl,,
cmrs5vskz000n53brnahwrjfm,Westin Annapolis,100 Westgate Circle,Annapolis,Maryland,https://westin.com/annapolis,t,2026-07-19 19:01:07.571,2026-07-19 19:01:07.571,,VENUE,cmr9cpuka001mf2brhabs0gdl,,
cmrs5vsy7000p53brxlz45jo0,Embassy Suites Baltimore North-Hunt Valley,213 International Circle,Hunt Valley,Maryland,https://embassybaltimore.com,t,2026-07-19 19:01:08.047,2026-07-19 19:01:08.047,,VENUE,cmr9cpuka001mf2brhabs0gdl,,
cmrs5vtm5000r53brbesx2uda,DoubleTree by Hilton Hotel Annapolis,210 Holiday Court,Annapolis,Maryland,https://doubletreeannapolis.com,t,2026-07-19 19:01:08.909,2026-07-19 19:01:08.909,,VENUE,cmr9cpuka001mf2brhabs0gdl,,
cmrs5vu3c000t53brdl75bvao,Graduate by Hilton Annapolis,126 West St.,Annapolis,Maryland,https://graduatehotels.com/annapolis,t,2026-07-19 19:01:09.528,2026-07-19 19:01:09.528,,VENUE,cmr9cpuka001mf2brhabs0gdl,,
cmrs5vuk7000v53br6aw231gw,Merriweather Lakehouse Hotel,10209 Wincopin Circle,Columbia,Maryland,https://merriweatherlakehouse.com,t,2026-07-19 19:01:10.135,2026-07-19 19:01:10.135,,VENUE,cmr9cpuka001mf2brhabs0gdl,,
cmrs5vux2000x53bru5vu4zq1,Courtyard By Marriott Baltimore Downtown-Inner Harbor,1000 Aliceanna St.,Baltimore,Maryland,https://marriott.com/bwidt,t,2026-07-19 19:01:10.598,2026-07-19 19:01:10.598,,VENUE,cmr9cpuka001mf2brhabs0gdl,,
cmrs5vvd4000z53brdzurk3zn,Royal Sonesta Harbor Court Hotel,550 Light St.,Baltimore,Maryland,https://sonesta.com/baltimore,t,2026-07-19 19:01:11.176,2026-07-19 19:01:11.176,,VENUE,cmr9cpuka001mf2brhabs0gdl,,
cmrs5vvr1001153breqfedlx9,Sheraton Baltimore Washington Airport Hotel,1100 Old Elkridge Landing Road,Linthicum,Maryland,https://sheratonbwiairport.com,t,2026-07-19 19:01:11.677,2026-07-19 19:01:11.677,,VENUE,cmr9cpuka001mf2brhabs0gdl,,
cmrs5vw42001353br2zqijqtq,Kimpton Hotel Monaco Baltimore Inner Harbor,2 N. Charles St.,Baltimore,Maryland,https://monaco-baltimore.com,t,2026-07-19 19:01:12.146,2026-07-19 19:01:12.146,,VENUE,cmr9cpuka001mf2brhabs0gdl,,
cmrs5vwh0001553brcl057rug,Residence Inn Baltimore at Johns Hopkins Medical Campus,800 N. Wolfe St.,Baltimore,Maryland,https://marriott.com/hotels/travel/bwiea-residence-inn-baltimore-at-the-johns-hopkins-medical-campus,t,2026-07-19 19:01:12.612,2026-07-19 19:01:12.612,,VENUE,cmr9cpuka001mf2brhabs0gdl,,
cmrs5vwts001753brafu1x2dl,Residence Inn by Marriott-Baltimore Downtown-Inner Harbor,17 Light St.,Baltimore,Maryland,https://marriott.com/bwihb,t,2026-07-19 19:01:13.072,2026-07-19 19:01:13.072,,VENUE,cmr9cpuka001mf2brhabs0gdl,,
cmrs5vxbv001953brx07kf1md,Comfort Inn-Towson,8801 Loch Raven Blvd.,Towson,Maryland,https://comfortinn.com,t,2026-07-19 19:01:13.723,2026-07-19 19:01:13.723,,VENUE,cmr9cpuka001mf2brhabs0gdl,,
cmrs5vy48001b53brkzpqt7j6,Wingate by Wyndham Baltimore BWI Airport,829 Elkridge Landing Road,Baltimore,Maryland,https://wyndhamhotels.com,t,2026-07-19 19:01:14.744,2026-07-19 19:01:14.744,,VENUE,cmr9cpuka001mf2brhabs0gdl,,
cmrs5vyl9001d53brrelx6qv5,Best Western Plus Hotel & Conference Center,5625 O'Donnell St.,Baltimore,Maryland,https://bwhotelbaltimore.com,t,2026-07-19 19:01:15.357,2026-07-19 19:01:15.357,,VENUE,cmr9cpuka001mf2brhabs0gdl,,
cmrs5vyy6001f53brmj6p3irv,Turf Valley Resort,2700 Turf Valley Road,Ellicott City,Maryland,https://turfvalley.com,t,2026-07-19 19:01:15.822,2026-07-19 19:01:15.822,,VENUE,cmr9cpuka001mf2brhabs0gdl,,
cmrs5vzei001h53brkzcj6s83,DoubleTree by Hilton Baltimore North-Pikesville,1726 Reisterstown Road,Pikesville,Maryland,https://baltimorenorthpikesville.doubletree.com,t,2026-07-19 19:01:16.41,2026-07-19 19:01:16.41,,VENUE,cmr9cpuka001mf2brhabs0gdl,,
cmrs5vzus001j53brbv0dn1pf,Holiday Inn Columbia East-Jessup,7900 Washington Blvd.,Jessup,Maryland,https://hicolumbia.com,t,2026-07-19 19:01:16.996,2026-07-19 19:01:16.996,,VENUE,cmr9cpuka001mf2brhabs0gdl,,
cmrs5w22e001r53brixtknikr,Clarion Hotel BWI Airport North,6921 Baltimore Annapolis Blvd.,Baltimore,Maryland,https://comfortinn.com,t,2026-07-19 19:01:19.862,2026-07-19 19:01:19.862,,VENUE,cmr9cpuka001mf2brhabs0gdl,,
cmrs5w2jg001t53brx7vd8pas,Hilton Garden Inn-Owings Mills,4770 Owings Mills Blvd.,Owings Mills,Maryland,https://owingsmills.gardeninn.com,t,2026-07-19 19:01:20.476,2026-07-19 19:01:20.476,,VENUE,cmr9cpuka001mf2brhabs0gdl,,
cmr9e74fe000qfpbr2q8rrgz2,Walter E. Washington Convention Center,,,,https://www.blackmeetingsandtourism.com/pages/Meetings-Conventions/WASHINGTON-CONVENTION-CENTER.aspx,t,2026-07-06 15:46:15.722,2026-07-22 07:30:52.268,,VENUE,,,
cmrs5w1ii001p53brd98qmce4,Hotel Indigo Baltimore,24 W. Franklin St.,Baltimore,Maryland,https://baltimoreindigohotel.com,t,2026-07-19 19:01:19.146,2026-07-22 07:30:52.523,,VENUE,cmr9cpuka001mf2brhabs0gdl,,
cmrs5w31h001v53br2iibxhu1,Hilton Garden Inn BWI Airport,1516 Aero Drive,Linthicum,Maryland,https://bwiairport.gardeninn.com,t,2026-07-19 19:01:21.125,2026-07-19 19:01:21.125,,VENUE,cmr9cpuka001mf2brhabs0gdl,,
cmrs5w3g3001x53br7cnl7nbb,SpringHill Suites Baltimore Downtown/Inner Harbor,120 E Redwood St,Baltimore,Maryland,https://marriott.com,t,2026-07-19 19:01:21.651,2026-07-19 19:01:21.651,,VENUE,cmr9cpuka001mf2brhabs0gdl,,
cmrs5w3vv001z53brpp6h0sdy,Canopy by Hilton Baltimore Harbor Point,1215 Wills St.,Baltimore,Maryland,https://hilton.com,t,2026-07-19 19:01:22.219,2026-07-19 19:01:22.219,,VENUE,cmr9cpuka001mf2brhabs0gdl,,
cmrs5w48q002153brwnvd1ita,Aloft BWI Airport,1741 W. Nursery Road,Linthicum,Maryland,https://aloftbwi.com,t,2026-07-19 19:01:22.682,2026-07-19 19:01:22.682,,VENUE,cmr9cpuka001mf2brhabs0gdl,,
cmrs5w4mx002353brkugax0ww,Fairfield Inn & Suites Baltimore Downtown Inner Harbor,101 S. President St.,Baltimore,Maryland,https://marriott.com/bwifh,t,2026-07-19 19:01:23.193,2026-07-19 19:01:23.193,,VENUE,cmr9cpuka001mf2brhabs0gdl,,
cmrs5w501002553brt91k04h9,Hampton Inn Towson,21 W. Susquenhanna Ave,Towson,Maryland,https://hilton.com/en/hotels/bwitnhx-hampton-towson/,t,2026-07-19 19:01:23.665,2026-07-19 19:01:23.665,,VENUE,cmr9cpuka001mf2brhabs0gdl,,
cmrs5w5e3002753brrcj58lwz,Holiday Inn BWI Airport ,815 Elkridge Landing Road,Linthicum,Maryland,https://holidayinn.com/bwiarptarea,t,2026-07-19 19:01:24.172,2026-07-19 19:01:24.172,,VENUE,cmr9cpuka001mf2brhabs0gdl,,
cmrs5w5r2002953bry6kxiurk,Inn at the Colonnade/a DoubleTree by Hilton,4 West University Parkway,Baltimore,Maryland,https://colonnadebaltimore.com,t,2026-07-19 19:01:24.638,2026-07-19 19:01:24.638,,VENUE,cmr9cpuka001mf2brhabs0gdl,,
cmrs5w63x002b53brxrew96z0,The Study at Johns Hopkins,3215 N. Charles St.,Baltimore,Maryland,https://thestudyatjohnshopkins.com,t,2026-07-19 19:01:25.101,2026-07-19 19:01:25.101,,VENUE,cmr9cpuka001mf2brhabs0gdl,,
cmrs5w6kq002d53brrzo4a3c4,Comfort Inn & Suits Baltimore Inner Harbor,120 E Lombard St,Baltimore,Maryland,,t,2026-07-19 19:01:25.706,2026-07-19 19:01:25.706,,VENUE,cmr9cpuka001mf2brhabs0gdl,,
cmrs5w7cz002f53br63g8p4x4,Home2 Suites Towson,21 W. Susquehanna Ave,Towson,Maryland,https://hilton.com/en/hotels/bwiskht-home2-suites-towson/,t,2026-07-19 19:01:26.723,2026-07-19 19:01:26.723,,VENUE,cmr9cpuka001mf2brhabs0gdl,,
cmrs5w7rd002h53brrpqod148,Tilghman Island Inn,21384 Coopertown Road,Tilghman,Maryland,https://tilghmanislandinn.com,t,2026-07-19 19:01:27.241,2026-07-19 19:01:27.241,,VENUE,cmr9cpuka001mf2brhabs0gdl,,
cmr9cq7z7002ff2br0j7lgv26,76ers Fieldhouse,"401 Garasches Ln, Wilmington, DE 19801",Wilmington DE,DE,,t,2026-07-06 15:05:07.555,2026-07-20 05:31:34.556,76ers Fieldhouse,VENUE,cmr9cq6as002bf2brabt7hipl,2026-07-20 05:31:34.337,
