id,keyword,locationId,active,createdAt,updatedAt
cmrfugr6d00041lbrnntabcef,Associations Directory in PA,,t,2026-07-11 04:08:16.021,2026-07-11 04:08:16.021
cmrfugsoe00061lbrp1om75wo,CME Conferences 2019 | Medical Conferences in 2019 | Medical Meetings,,t,2026-07-11 04:08:17.967,2026-07-11 04:08:17.967
cmrfugt8f00071lbrxt8vfjui,Collegiate Conference & Event Directors,,t,2026-07-11 04:08:18.687,2026-07-11 04:08:18.687
cmrfugtv800081lbrm3puldq1,Conferences in Washington DC 2023 | International Washington DC Conferences,,t,2026-07-11 04:08:19.508,2026-07-11 04:08:19.508
cmrfuguqd00091lbr8qqvmk6j,Conferences locate,,t,2026-07-11 04:08:20.629,2026-07-11 04:08:20.629
cmrfugvhy000a1lbr0tiral9c,Cybersecurity Events 2025 - 2026,,t,2026-07-11 04:08:21.622,2026-07-11 04:08:21.622
cmrfugwe4000b1lbroa7eoy4h,Embassy list,,t,2026-07-11 04:08:22.78,2026-07-11 04:08:22.78
cmrfugyix000e1lbrazl7q1ts,FAIR Guide,,t,2026-07-11 04:08:25.545,2026-07-11 04:08:25.545
cmrfuh34c000k1lbr8qzgm6gi,JobsAV,,t,2026-07-11 04:08:31.5,2026-07-11 04:08:31.5
cmrfuh3ml000l1lbrbdygyfw9,Medical Conferences,,t,2026-07-11 04:08:32.157,2026-07-11 04:08:32.157
cmrfuh4r0000n1lbrtgi5fdie,Mid-Atlantic Society of Association Executives,,t,2026-07-11 04:08:33.612,2026-07-11 04:08:33.612
cmrfuh5vf000p1lbrdl9z0hh9,NARMS: Allied Associations,,t,2026-07-11 04:08:35.067,2026-07-11 04:08:35.067
cmrfuh6tm000q1lbrbmmqhjpm,PA State Assoc of County Fairs - Welcome,,t,2026-07-11 04:08:36.298,2026-07-11 04:08:36.298
cmrfu53fo0000xmbrg06p6n8p,upcoming tradeshow in Philadelphia,,t,2026-07-11 03:59:12.036,2026-07-11 03:59:12.036
cmrfu53mi0001xmbrlgttzj9c,Symposium Baltimore Convention Center,cmr9cpuwn001nf2br6v624l1z,t,2026-07-11 03:59:12.282,2026-07-11 03:59:12.282
cmrfu53sx0002xmbri355nrci,Summit Baltimore Convention Center,cmr9cpuwn001nf2br6v624l1z,t,2026-07-11 03:59:12.513,2026-07-11 03:59:12.513
cmrfu543i0003xmbr76st3lu1,Sales Meeting Baltimore Convention Center,cmr9cpuwn001nf2br6v624l1z,t,2026-07-11 03:59:12.894,2026-07-11 03:59:12.894
cmrfu549u0004xmbr8sfkiw1y,Financial Meeting Baltimore Convention Center,cmr9cpuwn001nf2br6v624l1z,t,2026-07-11 03:59:13.122,2026-07-11 03:59:13.122
cmrfu54kj0005xmbrctsveyoo,Congress Baltimore Convention Center,cmr9cpuwn001nf2br6v624l1z,t,2026-07-11 03:59:13.507,2026-07-11 03:59:13.507
cmrfu54qw0006xmbrp5kmp31a,Consumer Show Baltimore Convention Center,cmr9cpuwn001nf2br6v624l1z,t,2026-07-11 03:59:13.736,2026-07-11 03:59:13.736
cmrfu54yq0007xmbr7d73p3gl,Association Baltimore Convention Center,cmr9cpuwn001nf2br6v624l1z,t,2026-07-11 03:59:14.018,2026-07-11 03:59:14.018
cmrfu559c0008xmbrri4wriw6,Association Meeting Baltimore Convention Center,cmr9cpuwn001nf2br6v624l1z,t,2026-07-11 03:59:14.4,2026-07-11 03:59:14.4
cmrfu55fj0009xmbramfenna7,Clinical Meeting Baltimore Convention Center,cmr9cpuwn001nf2br6v624l1z,t,2026-07-11 03:59:14.623,2026-07-11 03:59:14.623
cmrfu55r5000axmbrq8oke5dh,Public Show Baltimore Convention Center,cmr9cpuwn001nf2br6v624l1z,t,2026-07-11 03:59:15.041,2026-07-11 03:59:15.041
cmrfu55xg000bxmbrgyfnl8ip,Training Summit Baltimore Convention Center,cmr9cpuwn001nf2br6v624l1z,t,2026-07-11 03:59:15.268,2026-07-11 03:59:15.268
cmrfu563y000cxmbr63ytwsrz,Annual Meeting Baltimore Convention Center,cmr9cpuwn001nf2br6v624l1z,t,2026-07-11 03:59:15.502,2026-07-11 03:59:15.502
cmrfu56dw000dxmbr68xisyb0,Forum Baltimore Convention Center,cmr9cpuwn001nf2br6v624l1z,t,2026-07-11 03:59:15.86,2026-07-11 03:59:15.86
cmrfu56lc000exmbrtvmiyife,Exposition Baltimore Convention Center,cmr9cpuwn001nf2br6v624l1z,t,2026-07-11 03:59:16.128,2026-07-11 03:59:16.128
cmrfu56v2000fxmbr8rusaceh,User Group Baltimore Convention Center,cmr9cpuwn001nf2br6v624l1z,t,2026-07-11 03:59:16.478,2026-07-11 03:59:16.478
cmrfu576c000gxmbr5dq2mukq,Compliance Baltimore Convention Center,cmr9cpuwn001nf2br6v624l1z,t,2026-07-11 03:59:16.884,2026-07-11 03:59:16.884
cmrfu57hp000hxmbrgr6ma585,Road Show,,t,2026-07-11 03:59:17.293,2026-07-11 03:59:17.293
cmrfu57r0000ixmbr5f1tl4k6,Food Event Baltimore Convention Center,cmr9cpuwn001nf2br6v624l1z,t,2026-07-11 03:59:17.628,2026-07-11 03:59:17.628
cmrfu57ys000jxmbr9sufj7ic,Festival Baltimore Convention Center,cmr9cpuwn001nf2br6v624l1z,t,2026-07-11 03:59:17.908,2026-07-11 03:59:17.908
cmrfu58a6000kxmbr1l1q29an,Wine Event Baltimore Convention Center,cmr9cpuwn001nf2br6v624l1z,t,2026-07-11 03:59:18.318,2026-07-11 03:59:18.318
cmrfu58ge000lxmbrjn4u90kq,Convocation Baltimore Convention Center,cmr9cpuwn001nf2br6v624l1z,t,2026-07-11 03:59:18.542,2026-07-11 03:59:18.542
cmrfu58r9000mxmbrjtqyhdzv,Assembly Baltimore Convention Center,cmr9cpuwn001nf2br6v624l1z,t,2026-07-11 03:59:18.933,2026-07-11 03:59:18.933
cmrfu594t000oxmbr5fw43skr,CME Credit,,t,2026-07-11 03:59:19.421,2026-07-11 03:59:19.421
cmrfu59gv000pxmbrazw6znow,CLE Credit,,t,2026-07-11 03:59:19.855,2026-07-11 03:59:19.855
cmrfu59s7000qxmbr4tienrcy,Caucus  Baltimore Convention Center,cmr9cpuwn001nf2br6v624l1z,t,2026-07-11 03:59:20.263,2026-07-11 03:59:20.263
cmrfu5a3l000rxmbrcderg1ou,Roundtable Baltimore Convention Center,cmr9cpuwn001nf2br6v624l1z,t,2026-07-11 03:59:20.673,2026-07-11 03:59:20.673
cmrfu5aez000sxmbrnfuhsrcf,Promotional Tour,,t,2026-07-11 03:59:21.083,2026-07-11 03:59:21.083
cmrfu5aqc000txmbr7wmz1v7h,Sampling Tour,,t,2026-07-11 03:59:21.492,2026-07-11 03:59:21.492
cmrfuhiwr000302bro8akp9jq,"Society of Gov Meeting Profs, National Capital Chapter, Washington DC",,t,2026-07-11 04:08:51.963,2026-07-11 04:08:51.963
cmrfuhl7a000602brvtk231qo,The Nat Cntr for Spectator Sports Security,,t,2026-07-11 04:08:54.934,2026-07-11 04:08:54.934
cmrfuhm8a000702brc03zbkk1,Visit Baltimore Partner Network - login,,t,2026-07-11 04:08:56.266,2026-07-11 04:08:56.266
cmrfuhn0d000802brlx6bhrnb,Visit Baltimore Partner Network Convention Calendar,,t,2026-07-11 04:08:57.277,2026-07-11 04:08:57.277
cmrfuhonl000902brqctmwhwl,e3 Washington DC Hotels - Google Sheets,,t,2026-07-11 04:08:59.409,2026-07-11 04:08:59.409
