id,sourceId,blockHash,identityKey,firstSeenAt,lastSeenAt
cmrwfqqvh0001g8brdajecnvx,cmrvrr3hj0001z7br7rkawjh5,ce7cd9ba,ce7cd9ba,2026-07-22 18:48:12.941,2026-07-22 18:48:12.941
cmrwfqsfv0002g8brx0laxypb,cmrvrr4yk0002z7brfjtmxz4w,ce7cd9ba,ce7cd9ba,2026-07-22 18:48:14.971,2026-07-22 18:48:14.971
cmrwfqtp90003g8br8uskh4gi,cmrvrr6df0003z7br9ul4wsl4,ce7cd9ba,ce7cd9ba,2026-07-22 18:48:16.605,2026-07-22 18:48:16.605
cmrwfqvad0004g8brlvvtrtgj,cmrvrr7ot0004z7bry8ivlkq7,ce7cd9ba,ce7cd9ba,2026-07-22 18:48:18.661,2026-07-22 18:48:18.661
cmrwfqwmj0005g8brwwy0l45m,cmrvrr9450005z7brbnjf0ey5,ce7cd9ba,ce7cd9ba,2026-07-22 18:48:20.395,2026-07-22 18:48:20.395
cmrwfr4dw0006g8brlywney04,cmrvrrael0007z7brpchri7sn,13a6f15c,13a6f15c,2026-07-22 18:48:30.452,2026-07-22 18:48:30.452
cmrwfr9z50008g8brrurq4jv7,cmrvrrael0007z7brpchri7sn,2934c4c0,2934c4c0,2026-07-22 18:48:37.697,2026-07-22 18:48:37.697
cmrwfrevu000ag8br18oc9is5,cmrvrrael0007z7brpchri7sn,00efe813,00efe813,2026-07-22 18:48:44.058,2026-07-22 18:48:44.058
cmrwfrjix000cg8brhjmwq4qz,cmrvrrael0007z7brpchri7sn,42c15244,42c15244,2026-07-22 18:48:50.073,2026-07-22 18:48:50.073
cmrx4s6dd00010tbrrvz1c8v9,cmrvrrbvk0008z7brxw3ovz6p,9d49d2ab,9d49d2ab,2026-07-23 06:29:10.081,2026-07-23 06:29:10.081
cmrx4sbek00030tbr22tzqewt,cmrvrrbvk0008z7brxw3ovz6p,02149d5d,02149d5d,2026-07-23 06:29:16.604,2026-07-23 06:29:16.604
cmrx4sh0900050tbrit9yb58d,cmrvrrbvk0008z7brxw3ovz6p,60f0f290,60f0f290,2026-07-23 06:29:23.866,2026-07-23 06:29:23.866
cmrx4smmp00070tbr45or4huv,cmrvrrbvk0008z7brxw3ovz6p,64f9dd2d,64f9dd2d,2026-07-23 06:29:31.153,2026-07-23 06:29:31.153
cmrx4swgl00080tbr0yzt7rxy,cmrvrrbvk0008z7brxw3ovz6p,d4a3e6de,d4a3e6de,2026-07-23 06:29:43.893,2026-07-23 06:29:43.893
cmrx4t3yq000a0tbr4zuk5roa,cmrvrrbvk0008z7brxw3ovz6p,a6107113,a6107113,2026-07-23 06:29:53.618,2026-07-23 06:29:53.618
cmrx4t5lm000c0tbr50x8vlo3,cmrvrrbvk0008z7brxw3ovz6p,af9f274f,af9f274f,2026-07-23 06:29:55.738,2026-07-23 06:29:55.738
cmrx4tdow000e0tbrcrf3ug78,cmrvrrdge0009z7brs2a2u72t,8bcf297f,8bcf297f,2026-07-23 06:30:06.224,2026-07-23 06:30:06.224
cmrx4tit6000g0tbr4huvtcm3,cmrvrrdge0009z7brs2a2u72t,2f55e0b9,2f55e0b9,2026-07-23 06:30:12.858,2026-07-23 06:30:12.858
cmrx4tl8k000h0tbr90xupvpw,cmrvrrdge0009z7brs2a2u72t,46e83551,46e83551,2026-07-23 06:30:16.004,2026-07-23 06:30:16.004
cmrx4tqb9000i0tbrq8un8tg2,cmrvrrdge0009z7brs2a2u72t,2d689900,2d689900,2026-07-23 06:30:22.581,2026-07-23 06:30:22.581
cmrx4va3b000k0tbrljtatapq,cmrvrrevk000az7brq9cve5xs,221b3dc8,221b3dc8,2026-07-23 06:31:34.871,2026-07-23 06:31:34.871
cmrx4vbyu000m0tbrr9hoppfm,cmrvrrevk000az7brq9cve5xs,9521a48f,9521a48f,2026-07-23 06:31:37.302,2026-07-23 06:31:37.302
cmrx4vfxz000o0tbrqvzaptcn,cmrvrrevk000az7brq9cve5xs,920c9ddc,920c9ddc,2026-07-23 06:31:42.455,2026-07-23 06:31:42.455
cmrx4vh7r000q0tbrhyacvrik,cmrvrrevk000az7brq9cve5xs,661d4e39,661d4e39,2026-07-23 06:31:44.103,2026-07-23 06:31:44.103
cmrx4vln7000s0tbr5aytc5rc,cmrvrrgar000bz7br4jipqfdi,b6e7264a,b6e7264a,2026-07-23 06:31:49.843,2026-07-23 06:31:49.843
cmrx4vom5000u0tbrk60ktao9,cmrvrrgar000bz7br4jipqfdi,ccf846ce,ccf846ce,2026-07-23 06:31:53.693,2026-07-23 06:31:53.693
cmrx4vpx0000v0tbrd0kx0s1m,cmrvrrgar000bz7br4jipqfdi,0625b6b2,0625b6b2,2026-07-23 06:31:55.38,2026-07-23 06:31:55.38
cmrx4vuhp000x0tbrr6umiun8,cmrvrrgar000bz7br4jipqfdi,83c6d3e1,83c6d3e1,2026-07-23 06:32:01.309,2026-07-23 06:32:01.309
cmrx4xbsy000z0tbrgzvdnd79,cmrvrrgar000bz7br4jipqfdi,dcc1e700,dcc1e700,2026-07-23 06:33:10.402,2026-07-23 06:33:10.402
cmrx4xl7q00110tbrbj374s81,cmrvrrhok000dz7brt38i3sf8,e563dc6d,e563dc6d,2026-07-23 06:33:22.598,2026-07-23 06:33:22.598
cmrx4xoj500130tbrzq96s6h1,cmrvrrhok000dz7brt38i3sf8,378fc2ad,378fc2ad,2026-07-23 06:33:26.897,2026-07-23 06:33:26.897
cmrx53e0600140tbrejd0ttgf,cmrvrrhok000dz7brt38i3sf8,957be1ea,957be1ea,2026-07-23 06:37:53.19,2026-07-23 06:37:53.19
cmrx594lq00150tbr4yx3ac2n,cmrvrrhok000dz7brt38i3sf8,eae2ddc9,eae2ddc9,2026-07-23 06:42:20.942,2026-07-23 06:42:20.942
cmrx5hub500160tbrtzsns6uw,cmrvrrhok000dz7brt38i3sf8,37ded06b,37ded06b,2026-07-23 06:49:07.505,2026-07-23 06:49:07.505
cmrx5nl1a00180tbrn7yj4zu1,cmrvrrhok000dz7brt38i3sf8,a6e82359,a6e82359,2026-07-23 06:53:35.423,2026-07-23 06:53:35.423
cmrx5w8ub00190tbrldcnrzs5,cmrvrrhok000dz7brt38i3sf8,10afae0e,10afae0e,2026-07-23 07:00:19.524,2026-07-23 07:00:19.524
cmrx5z5xc001b0tbr94yl2flo,cmrvrrhok000dz7brt38i3sf8,24883927,24883927,2026-07-23 07:02:35.712,2026-07-23 07:02:35.712
cmrx64zev001c0tbrauwd0ojg,cmrvrrj43000ez7brzog64bsf,ef51b6e5,ef51b6e5,2026-07-23 07:07:07.207,2026-07-23 07:07:07.207
cmrx6artp001d0tbrpbr6avkg,cmrvrrj43000ez7brzog64bsf,2ccfac25,2ccfac25,2026-07-23 07:11:37.309,2026-07-23 07:11:37.309
cmrx6gi2b001e0tbroxk79p8m,cmrvrrj43000ez7brzog64bsf,0940137f,0940137f,2026-07-23 07:16:04.595,2026-07-23 07:16:04.595
cmrx6meel001f0tbrpvljpjqs,cmrvrrj43000ez7brzog64bsf,d856febf,d856febf,2026-07-23 07:20:39.789,2026-07-23 07:20:39.789
cmrx6s5lr001g0tbry40rvhq4,cmrvrrj43000ez7brzog64bsf,a83fa4cd,a83fa4cd,2026-07-23 07:25:08.319,2026-07-23 07:25:08.319
cmrx6xx39001h0tbre2qcx3ml,cmrvrrj43000ez7brzog64bsf,5e67006c,5e67006c,2026-07-23 07:29:37.221,2026-07-23 07:29:37.221
cmrx73mzn001i0tbrdrk6hv6h,cmrvrrj43000ez7brzog64bsf,cc109bd5,cc109bd5,2026-07-23 07:34:04.067,2026-07-23 07:34:04.067
cmrx79d52001j0tbrkm6bqb9o,cmrvrrj43000ez7brzog64bsf,513d2e1b,513d2e1b,2026-07-23 07:38:31.238,2026-07-23 07:38:31.238
cmrx7i0x0001k0tbr928drobw,cmrvrrj43000ez7brzog64bsf,12f0b1c0,12f0b1c0,2026-07-23 07:45:15.3,2026-07-23 07:45:15.3
cmrx7qmnr001m0tbrf9a3jklt,cmrvrrj43000ez7brzog64bsf,8eb5c043,8eb5c043,2026-07-23 07:51:56.727,2026-07-23 07:51:56.727
cmrx7wc8m001o0tbr48mw3mg9,cmrvrrj43000ez7brzog64bsf,5af80b0f,5af80b0f,2026-07-23 07:56:23.158,2026-07-23 07:56:23.158
cmrx84yxi001p0tbraw7dv1xc,cmrvrrj43000ez7brzog64bsf,d1131369,d1131369,2026-07-23 08:03:05.814,2026-07-23 08:03:05.814
cmrx87wjr001r0tbr1sqe1lhd,cmrvrrj43000ez7brzog64bsf,d131b7c4,d131b7c4,2026-07-23 08:05:22.695,2026-07-23 08:05:22.695
cmrx8gqhn001s0tbrcy86do20,cmrvrrkeo000fz7br79612g8u,407435b0,407435b0,2026-07-23 08:12:14.747,2026-07-23 08:12:14.747
cmrx8mh8o001u0tbr3uzpo8dq,cmrvrrkeo000fz7br79612g8u,cc80f8a4,cc80f8a4,2026-07-23 08:16:42.696,2026-07-23 08:16:42.696
