id,name,url,active,createdAt,updatedAt,eventsFound,lastScrapeStatus,lastScrapedAt,notes,scrapeMode,urlPattern,sourceMode,manualCheckFrequencyDays,lastManualCheckAt
cmr9cqhpo003tf2br1fatjlze,BizTradeShows.com,https://www.biztradeshows.com,t,2026-07-06 15:05:20.172,2026-07-11 04:08:16.71,0,,,,auto,,automated,,
cmr9cqhpq004mf2brf2pfc3jk,Fairs and Expos,https://www.fairsandexpos.com,f,2026-07-06 15:05:20.172,2026-07-11 04:15:16.272,0,,,Manual source — no automated scraping possible. Check periodically for new events.,skip,,manual,,2026-07-06 17:26:12.68
cmr9cqhpp004ff2brsftpan6g,Conferences locate,,f,2026-07-06 15:05:20.172,2026-07-11 04:08:20.869,0,,,Manual source — no automated scraping possible. Check periodically for new events.,skip,,manual,,2026-07-06 17:26:12.68
cmr9cqhpp003wf2br600dzrjn,ConventionPlanit.com,https://www.conventionplanit.com,t,2026-07-06 15:05:20.172,2026-07-11 04:08:21.176,0,,,,auto,,automated,,
cmr9cqhpp004bf2br6neapjpc,ASAE and The Center for Association Leadership - People & Groups - Supplier and Consultants Directory,https://www.asaecenter.org/programs,f,2026-07-06 15:05:20.172,2026-07-11 06:31:15.186,0,,,Manual source — no automated scraping possible. Check periodically for new events.,skip,,manual,,2026-07-06 17:26:12.68
cmr9cqhpq004nf2brt9u9poc5,IAEE,https://www.iaee.com,f,2026-07-06 15:05:20.172,2026-07-11 04:15:16.887,0,,,Manual source — no automated scraping possible. Check periodically for new events.,skip,,manual,,2026-07-06 17:26:12.68
cmr9cqhpq004of2brf6nitef9,InfoComm,https://www.infocomm.org,f,2026-07-06 15:05:20.172,2026-07-11 04:15:17.605,0,,,Manual source — no automated scraping possible. Check periodically for new events.,skip,,manual,,2026-07-06 17:26:12.68
cmr9cqhpq004qf2brgeiie9uo,InterDok,https://www.interdok.com,f,2026-07-06 15:05:20.172,2026-07-11 04:15:18.833,0,,,Manual source — no automated scraping possible. Check periodically for new events.,skip,,manual,,2026-07-06 17:26:12.68
cmr9cqhpq004tf2brx7pudjnd,Meeting Source,https://www.meetingsource.com,f,2026-07-06 15:05:20.172,2026-07-11 04:15:19.652,0,,,Manual source — no automated scraping possible. Check periodically for new events.,skip,,manual,,2026-07-06 17:26:12.68
cmr9cqhpq004uf2br1lol1964,Mobile Marketer,https://www.mobilemarketer.com,f,2026-07-06 15:05:20.172,2026-07-11 04:15:20.471,0,,,Manual source — no automated scraping possible. Check periodically for new events.,skip,,manual,,2026-07-06 17:26:12.68
cmr9cqhpq004xf2briitmiy3c,Physician Travel and Meeting Guide,https://www.ptmg.com,f,2026-07-06 15:05:20.172,2026-07-11 04:15:20.916,0,,,Manual source — no automated scraping possible. Check periodically for new events.,skip,,manual,,2026-07-06 17:26:12.68
cmr9cqhpq004hf2brcdbji5l9,Events in America,https://www.eventsinamerica.com/events/trade-shows/2026,f,2026-07-06 15:05:20.172,2026-07-11 06:29:53.453,0,,,Manual source — no automated scraping possible. Check periodically for new events.,skip,,manual,,2026-07-06 17:26:12.68
cmr9cqhpq004sf2brgvmsvy4w,Medical Conferences,,f,2026-07-06 15:05:20.172,2026-07-11 04:08:32.383,0,,,Manual source — no automated scraping possible. Check periodically for new events.,skip,,manual,,2026-07-06 17:26:12.68
cmr9cqhpq004yf2brldyv944k,"Projection, Lights and Staging News",https://www.plsn.com,f,2026-07-06 15:05:20.172,2026-07-11 04:15:21.598,0,,,Manual source — no automated scraping possible. Check periodically for new events.,skip,,manual,,2026-07-06 17:26:12.68
cmr9cqhpr0050f2brsbgft7uf,SGMP - Society of Gov Meeting Pros,https://www.sgmp.org,f,2026-07-06 15:05:20.172,2026-07-11 04:15:22.278,0,,,,skip,,automated,,
cmr9cqhpq004vf2brq0ei82m3,NARMS: Allied Associations,,f,2026-07-06 15:05:20.172,2026-07-11 04:08:35.478,0,,,Manual source — no automated scraping possible. Check periodically for new events.,skip,,manual,,2026-07-06 17:26:12.68
cmr9cqhpr0052f2brg86fp231,Sports Events Magazine,https://www.sportseventsmediagroup.com,f,2026-07-06 15:05:20.172,2026-07-11 04:15:23.837,0,,,Manual source — no automated scraping possible. Check periodically for new events.,skip,,manual,,2026-07-06 17:26:12.68
cmr9cqhpp004af2brtgkeyy0q,Assoc for Convention Operations Management,http://www.acomonline.org/,f,2026-07-06 15:05:20.172,2026-07-11 06:31:54.768,0,,,Manual source — no automated scraping possible. Check periodically for new events.,skip,,manual,,2026-07-06 17:26:12.68
cmr9cqhpp0048f2bra0f8l6os,All Conferences.Com,https://www.allconferences.com,f,2026-07-06 15:05:20.172,2026-07-11 04:15:15.207,0,,,,skip,,automated,,
cmr9cqhpp0046f2br4h70jrlp,10times.com,https://www.10times.com,t,2026-07-06 15:05:20.172,2026-07-11 04:08:11.261,0,,,,auto,,automated,,
cmr9cqhpq004kf2brwhm22yuq,Exhibit City News,https://www.exhibitcitynews.com,f,2026-07-06 15:05:20.172,2026-07-11 04:15:15.657,0,,,,skip,,automated,,
cmr9cqhpp0041f2brty44v7j2,allconferencealert.net,https://www.allconferencealert.net,t,2026-07-06 15:05:20.172,2026-07-11 04:08:57.854,0,,,,auto,,automated,,
cmr9cqhpp0043f2bri54xu82b,10times.com/venues,https://www.10times.com/venues,t,2026-07-06 15:05:20.172,2026-07-11 04:08:11.62,0,,,,auto,,automated,,
cmr9cqhpp004ef2brdp55nq9y,Collegiate Conference & Event Directors,https://www.acced-i.org/explore-acced-i-events--learning.html,f,2026-07-06 15:05:20.172,2026-07-11 06:33:13.703,0,,,Manual source — no automated scraping possible. Check periodically for new events.,skip,,manual,,2026-07-06 17:26:12.68
cmr9cqhpo003sf2brigv9fdh6,allconferencealert.net/usa.php,https://www.allconferencealert.net/usa.php,t,2026-07-06 15:05:20.172,2026-07-11 04:08:58.108,0,,,,auto,,automated,,
cmr9cqhpp004cf2brg8tgwed9,asaecenter.org,https://www.asaecenter.org,t,2026-07-06 15:05:20.172,2026-07-11 04:08:58.518,0,,,,auto,,automated,,
cmr9cqhpo003vf2brlw5fug2j,clocate.com,https://www.clocate.com,t,2026-07-06 15:05:20.172,2026-07-11 04:08:58.75,0,,,,auto,,automated,,
cmr9cqhpo003uf2br8729zbw8,conferencenext.com,https://www.conferencenext.com,t,2026-07-06 15:05:20.172,2026-07-11 04:08:58.969,0,,,,auto,,automated,,
cmr9cqhpp003yf2bratd2gbix,eventbrite.com,https://www.eventbrite.com,t,2026-07-06 15:05:20.172,2026-07-11 04:08:59.858,0,,,,auto,,automated,,
cmr9cqhpp003xf2brs7hg0754,eventseye.com,https://www.eventseye.com,t,2026-07-06 15:05:20.172,2026-07-11 04:09:00.078,0,,,,auto,,automated,,
cmr9cqhpp0042f2bru35u10lu,eventsinamerica.com,https://www.eventsinamerica.com,t,2026-07-06 15:05:20.172,2026-07-11 04:09:00.298,0,,,,auto,,automated,,
cmr9cqhpp0045f2brbs8rzpv5,internationalconferencealerts.com,https://www.internationalconferencealerts.com,t,2026-07-06 15:05:20.172,2026-07-11 04:09:00.518,0,,,,auto,,automated,,
cmr9cqhpp0044f2brmzfi36ck,tradefest.io,https://www.tradefest.io,t,2026-07-06 15:05:20.172,2026-07-11 04:09:00.738,0,,,,auto,,automated,,
cmr9cqhpp0040f2bry0k7lavh,tradeshowhandbook.com,https://www.tradeshowhandbook.com,t,2026-07-06 15:05:20.172,2026-07-11 04:09:01.084,0,,,,auto,,automated,,
cmr9cqhpr0054f2brtxkgvatt,Tradeshowbiz.com,https://www.tradeshowbiz.com,t,2026-07-06 15:05:20.172,2026-07-11 04:08:55.657,0,,,,auto,,automated,,
cmrx9qyr600007wbrxlbfagu5,Philly Expo Center Calendar,https://phillyexpocenter.com/calendar/,t,2026-07-23 08:48:11.635,2026-07-23 08:48:11.635,0,,,,calendar,,automated,,
cmrxeombv00004kbrjsw5ozgv,Eventbrite,https://www.eventbrite.com,t,2026-07-23 11:06:20.299,2026-07-23 11:06:20.299,0,,,,calendar,,automated,,
cm黑meet001,blackmeetingsandtourism.com,https://www.blackmeetingsandtourism.com,t,2026-07-06 21:57:28.72,2026-07-06 21:57:28.72,0,,,,auto,,automated,,
cmr9cqhpq004pf2br0bnun53e,InfoComm - AV Association,https://www.infocomm.org,f,2026-07-06 15:05:20.172,2026-07-11 04:15:18.252,0,,,Manual source — no automated scraping possible. Check periodically for new events.,skip,,manual,,2026-07-06 17:26:12.68
cmr9cqhpr005cf2br3loi9c6c,Showsbee - Event Research,https://www.showsbee.com,f,2026-07-06 15:05:20.172,2026-07-11 04:15:23.031,0,,,,skip,,automated,,
cmr9cqhpr0053f2brepu7nv72,"TSNN - The Ultimate Trade Show Directory, for Exposition and Exhibitor Tradeshow Services and tradeshow supplies - Home",https://www.tsnn.com,f,2026-07-06 15:05:20.172,2026-07-11 04:15:24.481,0,,,Manual source — no automated scraping possible. Check periodically for new events.,skip,,manual,,2026-07-06 17:26:12.68
cmr9cqhpr0055f2brtie21ehx,The Nat Cntr for Spectator Sports Security,https://www.usm.edu/,f,2026-07-06 15:05:20.172,2026-07-11 06:36:44.661,0,,,Manual source — no automated scraping possible. Check periodically for new events.,skip,,manual,,2026-07-06 17:26:12.68
cmr9cqhpr0057f2br1a13xd66,CME Conferences 2019 | Medical Conferences in 2019 | Medical Meetings,https://www.emedevents.com/,f,2026-07-06 15:05:20.172,2026-07-11 06:41:31.415,0,,,Manual source — no automated scraping possible. Check periodically for new events.,skip,,manual,,2026-07-06 17:26:12.68
cmr9cqhpr0056f2br1ngef404,Mid-Atlantic Society of Association Executives,https://www.midatlantic-sae.org/Events,f,2026-07-06 15:05:20.172,2026-07-11 06:43:09.71,0,,,Manual source — no automated scraping possible. Check periodically for new events.,skip,,manual,,2026-07-06 17:26:12.68
cmr9cqhpq004wf2brh2l8dgvl,PA State Assoc of County Fairs - Welcome,https://www.pafairs.org/events/filters/iso=1,f,2026-07-06 15:05:20.172,2026-07-11 06:45:07.556,0,,,Manual source — no automated scraping possible. Check periodically for new events.,skip,,manual,,2026-07-06 17:26:12.68
cmrrxcae90000trbrg1nsmtuh,https://infosec-conferences.com/country/united-states,https://infosec-conferences.com/country/united-states/,t,2026-07-19 15:02:00.609,2026-07-19 15:02:00.609,0,,,,directory,,automated,,
cmrs5vmlu000053brmy17apvm,Baltimore Hotels Import,https://example.com,t,2026-07-19 19:00:59.827,2026-07-19 19:00:59.827,0,,,,auto,,automated,,
