id,directoryId,venueId,sourceUrl,strategy,isActive,lastFullHash,lastScrapedAt,nextCheckAt,healthStatus,suggestedUrl,discoveryMethod,discoveryConfidence,originalSourceUrl,batchSize,batchDelayMs,createdAt,updatedAt
cmrvrrkeo000fz7br79612g8u,cmrvrrgxg000cz7brwnx124c1,cmr9cpjz60010f2brdowkvaxv,https://phillyexpocenter.com/shows,jina_markdown,t,,,,unconfirmed,,,,,5,10000,2026-07-22 07:37:00.432,2026-07-22 07:37:00.432
cmrvrrlxn000gz7br0cggpyui,cmrvrrgxg000cz7brwnx124c1,cmr9cpjz60010f2brdowkvaxv,https://phillyexpocenter.com/upcoming-events,jina_markdown,t,,,,unconfirmed,,,,,5,10000,2026-07-22 07:37:02.411,2026-07-22 07:37:02.411
cmrvrrnem000hz7brhyoa6bx2,cmrvrrgxg000cz7brwnx124c1,cmr9cpjz60010f2brdowkvaxv,https://phillyexpocenter.com/attend,jina_markdown,t,,,,unconfirmed,,,,,5,10000,2026-07-22 07:37:04.318,2026-07-22 07:37:04.318
cmrvrros8000jz7bru2bovkhz,cmrvrro1p000iz7brmeaog3qu,cmr9cpj8z000yf2brgw665ksk,https://vfcasino.com/entertainment,jina_markdown,t,,,,unconfirmed,,,,,5,10000,2026-07-22 07:37:06.104,2026-07-22 07:37:06.104
cmrvrrq2r000kz7br1i8vo2za,cmrvrro1p000iz7brmeaog3qu,cmr9cpj8z000yf2brgw665ksk,https://vfcasino.com/events,jina_markdown,t,,,,unconfirmed,,,,,5,10000,2026-07-22 07:37:07.779,2026-07-22 07:37:07.779
cmrvrrrgb000lz7brhpxpr6yx,cmrvrro1p000iz7brmeaog3qu,cmr9cpj8z000yf2brgw665ksk,https://vfcasino.com/promotions,jina_markdown,t,,,,unconfirmed,,,,,5,10000,2026-07-22 07:37:09.563,2026-07-22 07:37:09.563
cmrvrrsuu000mz7brrzgc97b1,cmrvrro1p000iz7brmeaog3qu,cmr9cpj8z000yf2brgw665ksk,https://vfcasino.com/calendar,jina_markdown,t,,,,unconfirmed,,,,,5,10000,2026-07-22 07:37:11.382,2026-07-22 07:37:11.382
cmrvrrue4000nz7brtvyta1w3,cmrvrro1p000iz7brmeaog3qu,cmr9cpj8z000yf2brgw665ksk,https://vfcasino.com/shows,jina_markdown,t,,,,unconfirmed,,,,,5,10000,2026-07-22 07:37:13.372,2026-07-22 07:37:13.372
cmrvrrvpv000pz7brjzteq69x,cmrvrruy2000oz7brfwf8t6ds,cmr9cpkuh0012f2br25x8xbzl,https://eventsdc.com/venue/walter-e-washington-convention-center,jina_markdown,t,,,,unconfirmed,,,,,5,10000,2026-07-22 07:37:15.091,2026-07-22 07:37:15.091
cmrvrrx77000qz7br063ahc13,cmrvrruy2000oz7brfwf8t6ds,cmr9cpkuh0012f2br25x8xbzl,https://eventsdc.com/events,jina_markdown,t,,,,unconfirmed,,,,,5,10000,2026-07-22 07:37:17.011,2026-07-22 07:37:17.011
cmrvrryfm000rz7brchqmnkmd,cmrvrruy2000oz7brfwf8t6ds,cmr9cpkuh0012f2br25x8xbzl,https://eventsdc.com/calendar,jina_markdown,t,,,,unconfirmed,,,,,5,10000,2026-07-22 07:37:18.61,2026-07-22 07:37:18.61
cmrvrrzmx000sz7brcwztya8m,cmrvrruy2000oz7brfwf8t6ds,cmr9cpkuh0012f2br25x8xbzl,https://eventsdc.com/meetings,jina_markdown,t,,,,unconfirmed,,,,,5,10000,2026-07-22 07:37:20.169,2026-07-22 07:37:20.169
cmrvrs0wu000tz7briw9rvd42,cmrvrruy2000oz7brfwf8t6ds,cmr9cpkuh0012f2br25x8xbzl,https://eventsdc.com/conventions,jina_markdown,t,,,,unconfirmed,,,,,5,10000,2026-07-22 07:37:21.822,2026-07-22 07:37:21.822
cmrvrs25q000vz7brns54bnj7,cmrvrs1gm000uz7brqa6a3mul,cmr9cprk9001hf2brr8z4b4dt,https://marriott.com/.../gaylord-national/events,jina_markdown,t,,,,unconfirmed,,,,,5,10000,2026-07-22 07:37:23.438,2026-07-22 07:37:23.438
cmrvrs3eh000wz7br7zu9nr55,cmrvrs1gm000uz7brqa6a3mul,cmr9cprk9001hf2brr8z4b4dt,https://marriott.com/.../gaylord-national/calendar,jina_markdown,t,,,,unconfirmed,,,,,5,10000,2026-07-22 07:37:25.049,2026-07-22 07:37:25.049
cmrvrs4pc000xz7brmqi3yt72,cmrvrs1gm000uz7brqa6a3mul,cmr9cprk9001hf2brr8z4b4dt,https://marriott.com/.../gaylord-national/experiences,jina_markdown,t,,,,unconfirmed,,,,,5,10000,2026-07-22 07:37:26.736,2026-07-22 07:37:26.736
cmrvrs5yt000yz7brkjlovfvb,cmrvrs1gm000uz7brqa6a3mul,cmr9cprk9001hf2brr8z4b4dt,https://marriott.com/.../gaylord-national/dining,jina_markdown,t,,,,unconfirmed,,,,,5,10000,2026-07-22 07:37:28.373,2026-07-22 07:37:28.373
cmrvrs7b9000zz7br4k0kea5q,cmrvrs1gm000uz7brqa6a3mul,cmr9cprk9001hf2brr8z4b4dt,https://marriott.com/.../gaylord-national/special-offers,jina_markdown,t,,,,unconfirmed,,,,,5,10000,2026-07-22 07:37:30.118,2026-07-22 07:37:30.118
cmrvrs8ts0011z7briwb488cj,cmrvrs80q0010z7br524rikqr,cmr9cpstr001jf2brwu8dc2ey,https://mgmnationalharbor.mgmresorts.com/entertainment,jina_markdown,t,,,,unconfirmed,,,,,5,10000,2026-07-22 07:37:32.08,2026-07-22 07:37:32.08
cmrvrsa1o0012z7br6egfmkah,cmrvrs80q0010z7br524rikqr,cmr9cpstr001jf2brwu8dc2ey,https://mgmnationalharbor.mgmresorts.com/shows,jina_markdown,t,,,,unconfirmed,,,,,5,10000,2026-07-22 07:37:33.66,2026-07-22 07:37:33.66
cmrvrsbc90013z7brm77l9va4,cmrvrs80q0010z7br524rikqr,cmr9cpstr001jf2brwu8dc2ey,https://mgmnationalharbor.mgmresorts.com/restaurants,jina_markdown,t,,,,unconfirmed,,,,,5,10000,2026-07-22 07:37:35.337,2026-07-22 07:37:35.337
cmrvrscod0014z7br3680u9lu,cmrvrs80q0010z7br524rikqr,cmr9cpstr001jf2brwu8dc2ey,https://mgmnationalharbor.mgmresorts.com/nightlife,jina_markdown,t,,,,unconfirmed,,,,,5,10000,2026-07-22 07:37:37.069,2026-07-22 07:37:37.069
cmrvrse0x0015z7bry5p9sc26,cmrvrs80q0010z7br524rikqr,cmr9cpstr001jf2brwu8dc2ey,https://mgmnationalharbor.mgmresorts.com/offers,jina_markdown,t,,,,unconfirmed,,,,,5,10000,2026-07-22 07:37:38.817,2026-07-22 07:37:38.817
cmrvrsfri0017z7br7tt3195j,cmrvrsemr0016z7br46qxvstx,cmr9cpu38001lf2brpihd3wp2,https://accenter.com/events,jina_markdown,t,,,,unconfirmed,,,,,5,10000,2026-07-22 07:37:41.07,2026-07-22 07:37:41.07
cmrvrshf50018z7brrs8xv8ud,cmrvrsemr0016z7br46qxvstx,cmr9cpu38001lf2brpihd3wp2,https://accenter.com/attend,jina_markdown,t,,,,unconfirmed,,,,,5,10000,2026-07-22 07:37:43.217,2026-07-22 07:37:43.217
cmrvrsiut0019z7brk5ne4cjl,cmrvrsemr0016z7br46qxvstx,cmr9cpu38001lf2brpihd3wp2,https://accenter.com/plan,jina_markdown,t,,,,unconfirmed,,,,,5,10000,2026-07-22 07:37:45.077,2026-07-22 07:37:45.077
cmrvrsk39001az7brj3qn53tl,cmrvrsemr0016z7br46qxvstx,cmr9cpu38001lf2brpihd3wp2,https://accenter.com/calendar,jina_markdown,t,,,,unconfirmed,,,,,5,10000,2026-07-22 07:37:46.677,2026-07-22 07:37:46.677
cmrvrsllu001bz7brj4im0tea,cmrvrsemr0016z7br46qxvstx,cmr9cpu38001lf2brpihd3wp2,https://accenter.com/news,jina_markdown,t,,,,unconfirmed,,,,,5,10000,2026-07-22 07:37:48.642,2026-07-22 07:37:48.642
cmrvrsn28001dz7br4pcyh072,cmrvrsm8k001cz7brhu13oe08,cmr9cpuwn001nf2br6v624l1z,https://baltimorecc.com/events,jina_markdown,t,,,,unconfirmed,,,,,5,10000,2026-07-22 07:37:50.528,2026-07-22 07:37:50.528
cmrvrsog7001ez7brm738zlit,cmrvrsm8k001cz7brhu13oe08,cmr9cpuwn001nf2br6v624l1z,https://baltimorecc.com/calendar,jina_markdown,t,,,,unconfirmed,,,,,5,10000,2026-07-22 07:37:52.327,2026-07-22 07:37:52.327
cmrvrr4yk0002z7brfjtmxz4w,cmrvrr2mv0000z7brdlvfdhyq,cmr9cp5ou0001f2brioso7j1o,https://subarupark.com/tickets,jina_markdown,t,a8bf7a9a,2026-07-22 18:48:15.254,2026-07-23 18:48:15.254,valid,,,,,5,10000,2026-07-22 07:36:40.412,2026-07-22 18:48:15.254
cmrvrr6df0003z7br9ul4wsl4,cmrvrr2mv0000z7brdlvfdhyq,cmr9cp5ou0001f2brioso7j1o,https://subarupark.com/stadium,jina_markdown,t,a8bf7a9a,2026-07-22 18:48:17.011,2026-07-23 18:48:17.011,valid,,,,,5,10000,2026-07-22 07:36:42.243,2026-07-22 18:48:17.012
cmrvrr7ot0004z7bry8ivlkq7,cmrvrr2mv0000z7brdlvfdhyq,cmr9cp5ou0001f2brioso7j1o,https://subarupark.com/plan-your-visit,jina_markdown,t,a8bf7a9a,2026-07-22 18:48:18.98,2026-07-23 18:48:18.98,valid,,,,,5,10000,2026-07-22 07:36:43.949,2026-07-22 18:48:18.981
cmrvrr9450005z7brbnjf0ey5,cmrvrr2mv0000z7brdlvfdhyq,cmr9cp5ou0001f2brioso7j1o,https://subarupark.com/calendar,jina_markdown,t,a8bf7a9a,2026-07-22 18:48:20.631,2026-07-23 18:48:20.631,valid,,,,,5,10000,2026-07-22 07:36:45.797,2026-07-22 18:48:20.632
cmrvrrbvk0008z7brxw3ovz6p,cmrvrr9mv0006z7brjqx80jkl,cmr9e72j4000mfpbrjmjbfo2x,https://paconvention.com/calendar,jina_markdown,t,eb81f7e3,2026-07-23 06:29:56.75,2026-07-24 06:29:56.75,valid,,,,,5,10000,2026-07-22 07:36:49.376,2026-07-23 06:29:56.761
cmrvrrdge0009z7brs2a2u72t,cmrvrr9mv0006z7brjqx80jkl,cmr9e72j4000mfpbrjmjbfo2x,https://paconvention.com/upcoming-events,jina_markdown,t,d923f2e8,2026-07-23 06:30:23.429,2026-07-24 06:30:23.429,valid,,,,,5,10000,2026-07-22 07:36:51.422,2026-07-23 06:30:23.43
cmrvrrevk000az7brq9cve5xs,cmrvrr9mv0006z7brjqx80jkl,cmr9e72j4000mfpbrjmjbfo2x,https://paconvention.com/news,jina_markdown,t,920cafb6,2026-07-23 06:31:44.838,2026-07-24 06:31:44.838,valid,,,,,5,10000,2026-07-22 07:36:53.264,2026-07-23 06:31:44.839
cmrvrrgar000bz7br4jipqfdi,cmrvrr9mv0006z7brjqx80jkl,cmr9e72j4000mfpbrjmjbfo2x,https://paconvention.com/front-and-center,jina_markdown,t,a6c64876,2026-07-23 06:33:11.098,2026-07-24 06:33:11.098,valid,,,,,5,10000,2026-07-22 07:36:55.107,2026-07-23 06:33:11.099
cmrvrrhok000dz7brt38i3sf8,cmrvrrgxg000cz7brwnx124c1,cmr9cpjz60010f2brdowkvaxv,https://phillyexpocenter.com/events,jina_markdown,t,19569714,2026-07-23 07:02:37.292,2026-07-24 07:02:37.292,valid,,,,,5,10000,2026-07-22 07:36:56.9,2026-07-23 07:02:37.293
cmrvrrj43000ez7brzog64bsf,cmrvrrgxg000cz7brwnx124c1,cmr9cpjz60010f2brdowkvaxv,https://phillyexpocenter.com/calendar,jina_markdown,t,a53bf45b,2026-07-23 08:05:24.743,2026-07-24 08:05:24.743,valid,,,,,5,10000,2026-07-22 07:36:58.755,2026-07-23 08:05:24.744
cmrvrspw5001fz7brrvm8gcjq,cmrvrsm8k001cz7brhu13oe08,cmr9cpuwn001nf2br6v624l1z,https://baltimorecc.com/upcoming-events,jina_markdown,t,,,,unconfirmed,,,,,5,10000,2026-07-22 07:37:54.197,2026-07-22 07:37:54.197
cmrvrsre7001gz7brvjkb6gjh,cmrvrsm8k001cz7brhu13oe08,cmr9cpuwn001nf2br6v624l1z,https://baltimorecc.com/attend,jina_markdown,t,,,,unconfirmed,,,,,5,10000,2026-07-22 07:37:56.143,2026-07-22 07:37:56.143
cmrvrsssw001hz7brbadet2kp,cmrvrsm8k001cz7brhu13oe08,cmr9cpuwn001nf2br6v624l1z,https://baltimorecc.com/news,jina_markdown,t,,,,unconfirmed,,,,,5,10000,2026-07-22 07:37:57.968,2026-07-22 07:37:57.968
cmrvrsu7s001jz7brmjto5485,cmrvrstbg001iz7brelkpcq9v,cmr9cq6qb002cf2brd5ebahqm,https://centerontheriverfront.com/events,jina_markdown,t,,,,unconfirmed,,,,,5,10000,2026-07-22 07:37:59.8,2026-07-22 07:37:59.8
cmrvrsvk8001kz7brhi8xk8ru,cmrvrstbg001iz7brelkpcq9v,cmr9cq6qb002cf2brd5ebahqm,https://centerontheriverfront.com/calendar,jina_markdown,t,,,,unconfirmed,,,,,5,10000,2026-07-22 07:38:01.544,2026-07-22 07:38:01.544
cmrvrswx7001lz7brmvyp3lxu,cmrvrstbg001iz7brelkpcq9v,cmr9cq6qb002cf2brd5ebahqm,https://centerontheriverfront.com/upcoming-events,jina_markdown,t,,,,unconfirmed,,,,,5,10000,2026-07-22 07:38:03.307,2026-07-22 07:38:03.307
cmrvrsy8t001mz7brgjbd2acp,cmrvrstbg001iz7brelkpcq9v,cmr9cq6qb002cf2brd5ebahqm,https://centerontheriverfront.com/attend,jina_markdown,t,,,,unconfirmed,,,,,5,10000,2026-07-22 07:38:05.021,2026-07-22 07:38:05.021
cmrvrszkv001nz7br4mt7stf7,cmrvrstbg001iz7brelkpcq9v,cmr9cq6qb002cf2brd5ebahqm,https://centerontheriverfront.com/news,jina_markdown,t,,,,unconfirmed,,,,,5,10000,2026-07-22 07:38:06.751,2026-07-22 07:38:06.751
cmrvrt13j001pz7br728qo1tw,cmrvrt051001oz7brgt7aqb7f,cmr9cp71e0004f2brro5nvfsf,https://marriott.com/.../phldt/events,jina_markdown,t,,,,valid,,,,,5,10000,2026-07-22 07:38:08.719,2026-07-22 07:38:08.719
cmrvrt2f0001qz7brd0tymguh,cmrvrt051001oz7brgt7aqb7f,cmr9cp71e0004f2brro5nvfsf,https://marriott.com/.../phldt/events/meetings-and-events,jina_markdown,t,,,,valid,,,,,5,10000,2026-07-22 07:38:10.428,2026-07-22 07:38:10.428
cmrvrt43d001rz7brrv8hih63,cmrvrt051001oz7brgt7aqb7f,cmr9cp71e0004f2brro5nvfsf,https://marriott.com/.../phldt/weddings,jina_markdown,t,,,,valid,,,,,5,10000,2026-07-22 07:38:12.601,2026-07-22 07:38:12.601
cmrvrt5gz001sz7bra3yq0g6w,cmrvrt051001oz7brgt7aqb7f,cmr9cp71e0004f2brro5nvfsf,https://marriott.com/.../phldt/restaurants,jina_markdown,t,,,,valid,,,,,5,10000,2026-07-22 07:38:14.387,2026-07-22 07:38:14.387
cmrvrt6vp001uz7br4a99hk1a,cmrvrt62g001tz7brlu45tuw2,cmr9cp7ds0005f2brcl6fsao2,https://loewshotels.com/philadelphia-hotel/discover/happenings,jina_markdown,t,,,,valid,,,,,5,10000,2026-07-22 07:38:16.213,2026-07-22 07:38:16.213
cmrvrt89z001vz7brirssgzij,cmrvrt62g001tz7brlu45tuw2,cmr9cp7ds0005f2brcl6fsao2,https://loewshotels.com/philadelphia-hotel/meetings,jina_markdown,t,,,,valid,,,,,5,10000,2026-07-22 07:38:18.023,2026-07-22 07:38:18.023
cmrvrt9jq001wz7brnh31wx5v,cmrvrt62g001tz7brlu45tuw2,cmr9cp7ds0005f2brcl6fsao2,https://loewshotels.com/philadelphia-hotel/meetings/meetings-at-a-glance,jina_markdown,t,,,,valid,,,,,5,10000,2026-07-22 07:38:19.67,2026-07-22 07:38:19.67
cmrvrtavg001xz7brks62gsrv,cmrvrt62g001tz7brlu45tuw2,cmr9cp7ds0005f2brcl6fsao2,https://loewshotels.com/philadelphia-hotel/dining,jina_markdown,t,,,,valid,,,,,5,10000,2026-07-22 07:38:21.388,2026-07-22 07:38:21.388
cmrvrtc5e001zz7br6u5lhosk,cmrvrtbg4001yz7brjoa0d8to,cmr9cp7tl0006f2br7q9oyfig,https://marriott.com/events,jina_markdown,t,,,,unconfirmed,,,,,5,10000,2026-07-22 07:38:23.042,2026-07-22 07:38:23.042
cmrvrtdhn0020z7brnj10e8l8,cmrvrtbg4001yz7brjoa0d8to,cmr9cp7tl0006f2br7q9oyfig,https://marriott.com/meetings,jina_markdown,t,,,,unconfirmed,,,,,5,10000,2026-07-22 07:38:24.779,2026-07-22 07:38:24.779
cmrvrtewu0021z7brfj86p5o6,cmrvrtbg4001yz7brjoa0d8to,cmr9cp7tl0006f2br7q9oyfig,https://marriott.com/offers,jina_markdown,t,,,,unconfirmed,,,,,5,10000,2026-07-22 07:38:26.622,2026-07-22 07:38:26.622
cmrvrxce90000b1br8e6cn6es,cmrvrtbg4001yz7brjoa0d8to,cmr9cp7tl0006f2br7q9oyfig,https://marriott.com/restaurants,jina_markdown,t,,,,unconfirmed,,,,,5,10000,2026-07-22 07:41:29.986,2026-07-22 07:41:29.986
cmrvrxdvs0002b1brnws8mwpc,cmrvrxd160001b1brrrx5mltq,cmr9cp8fx0007f2brnq3smvy0,https://hyatt.com/events,jina_markdown,t,,,,unconfirmed,,,,,5,10000,2026-07-22 07:41:31.912,2026-07-22 07:41:31.912
cmrvrxfej0003b1brp238czvb,cmrvrxd160001b1brrrx5mltq,cmr9cp8fx0007f2brnq3smvy0,https://hyatt.com/meetings-and-events,jina_markdown,t,,,,unconfirmed,,,,,5,10000,2026-07-22 07:41:33.883,2026-07-22 07:41:33.883
cmrvrxgqv0004b1brvi593gk7,cmrvrxd160001b1brrrx5mltq,cmr9cp8fx0007f2brnq3smvy0,https://hyatt.com/offers,jina_markdown,t,,,,unconfirmed,,,,,5,10000,2026-07-22 07:41:35.623,2026-07-22 07:41:35.623
cmrvrxi6n0005b1brbvwi1xvz,cmrvrxd160001b1brrrx5mltq,cmr9cp8fx0007f2brnq3smvy0,https://hyatt.com/dining,jina_markdown,t,,,,unconfirmed,,,,,5,10000,2026-07-22 07:41:37.488,2026-07-22 07:41:37.488
cmrvrxjie0006b1br3ae518gj,cmrvrtbg4001yz7brjoa0d8to,cmr9cp8so0008f2breggklp1p,https://marriott.com/events,jina_markdown,t,,,,unconfirmed,,,,,5,10000,2026-07-22 07:41:39.206,2026-07-22 07:41:39.206
cmrvrxkxl0007b1brl4b4enpj,cmrvrtbg4001yz7brjoa0d8to,cmr9cp8so0008f2breggklp1p,https://marriott.com/meetings,jina_markdown,t,,,,unconfirmed,,,,,5,10000,2026-07-22 07:41:41.05,2026-07-22 07:41:41.05
cmrvrxmdf0008b1brzs6yw5gt,cmrvrtbg4001yz7brjoa0d8to,cmr9cp8so0008f2breggklp1p,https://marriott.com/weddings,jina_markdown,t,,,,unconfirmed,,,,,5,10000,2026-07-22 07:41:42.916,2026-07-22 07:41:42.916
cmrvrxnvj0009b1brxhzrzj2n,cmrvrtbg4001yz7brjoa0d8to,cmr9cp8so0008f2breggklp1p,https://marriott.com/offers,jina_markdown,t,,,,unconfirmed,,,,,5,10000,2026-07-22 07:41:44.863,2026-07-22 07:41:44.863
cmrvrxpo9000ab1brafinl09m,cmrvrtbg4001yz7brjoa0d8to,cmr9cp9b60009f2br3gsp7mvt,https://marriott.com/events,jina_markdown,t,,,,unconfirmed,,,,,5,10000,2026-07-22 07:41:47.193,2026-07-22 07:41:47.193
cmrvrxqzy000bb1br95u3y524,cmrvrtbg4001yz7brjoa0d8to,cmr9cp9b60009f2br3gsp7mvt,https://marriott.com/happenings,jina_markdown,t,,,,unconfirmed,,,,,5,10000,2026-07-22 07:41:48.91,2026-07-22 07:41:48.91
cmrvrxsr6000cb1br85lcfb2y,cmrvrtbg4001yz7brjoa0d8to,cmr9cp9b60009f2br3gsp7mvt,https://marriott.com/restaurants,jina_markdown,t,,,,unconfirmed,,,,,5,10000,2026-07-22 07:41:51.186,2026-07-22 07:41:51.186
cmrvrxu6p000db1br6yung9hr,cmrvrtbg4001yz7brjoa0d8to,cmr9cp9b60009f2br3gsp7mvt,https://marriott.com/offers,jina_markdown,t,,,,unconfirmed,,,,,5,10000,2026-07-22 07:41:53.041,2026-07-22 07:41:53.041
cmrvrxvlk000fb1br58livram,cmrvrxut3000eb1brkduy4sku,cmr9cp9qt000af2brh7nn3gc4,https://bellevuephiladelphia.com/events,jina_markdown,t,,,,unconfirmed,,,,,5,10000,2026-07-22 07:41:54.872,2026-07-22 07:41:54.872
cmrvrxwy4000gb1br2z4671lj,cmrvrxut3000eb1brkduy4sku,cmr9cp9qt000af2brh7nn3gc4,https://bellevuephiladelphia.com/meetings,jina_markdown,t,,,,unconfirmed,,,,,5,10000,2026-07-22 07:41:56.62,2026-07-22 07:41:56.62
cmrvrxyis000hb1br01z6fewe,cmrvrxut3000eb1brkduy4sku,cmr9cp9qt000af2brh7nn3gc4,https://bellevuephiladelphia.com/weddings,jina_markdown,t,,,,unconfirmed,,,,,5,10000,2026-07-22 07:41:58.66,2026-07-22 07:41:58.66
cmrvry0a7000ib1brax5tdwa3,cmrvrxut3000eb1brkduy4sku,cmr9cp9qt000af2brh7nn3gc4,https://bellevuephiladelphia.com/dining,jina_markdown,t,,,,unconfirmed,,,,,5,10000,2026-07-22 07:42:00.943,2026-07-22 07:42:00.943
cmrvry1zy000kb1brc8bpxwg6,cmrvry14n000jb1brno5lnxyo,cmr9cpa3e000bf2brnvkqdv4j,https://ciracentre.com/news,jina_markdown,t,,,,unconfirmed,,,,,5,10000,2026-07-22 07:42:03.166,2026-07-22 07:42:03.166
cmrvry3f7000lb1brea98iyay,cmrvry14n000jb1brno5lnxyo,cmr9cpa3e000bf2brnvkqdv4j,https://ciracentre.com/events,jina_markdown,t,,,,unconfirmed,,,,,5,10000,2026-07-22 07:42:05.012,2026-07-22 07:42:05.012
cmrvry4nx000mb1brdr534bsi,cmrvry14n000jb1brno5lnxyo,cmr9cpa3e000bf2brnvkqdv4j,https://ciracentre.com/meetings,jina_markdown,t,,,,unconfirmed,,,,,5,10000,2026-07-22 07:42:06.621,2026-07-22 07:42:06.621
cmrvry640000nb1brok2h2sfa,cmrvry14n000jb1brno5lnxyo,cmr9cpa3e000bf2brnvkqdv4j,https://ciracentre.com/tenant-events,jina_markdown,t,,,,unconfirmed,,,,,5,10000,2026-07-22 07:42:08.496,2026-07-22 07:42:08.496
cmrvry7by000pb1br7jki3vpy,cmrvry6mn000ob1brjdenj6mc,cmr9cpafw000cf2brpgkky9rd,https://hilton.com/events,jina_markdown,t,,,,unconfirmed,,,,,5,10000,2026-07-22 07:42:10.078,2026-07-22 07:42:10.078
cmrvry8jx000qb1brfhoh21h4,cmrvry6mn000ob1brjdenj6mc,cmr9cpafw000cf2brpgkky9rd,https://hilton.com/meetings-events,jina_markdown,t,,,,unconfirmed,,,,,5,10000,2026-07-22 07:42:11.661,2026-07-22 07:42:11.661
cmrvrya5c000rb1brxro550xn,cmrvry6mn000ob1brjdenj6mc,cmr9cpafw000cf2brpgkky9rd,https://hilton.com/offers,jina_markdown,t,,,,unconfirmed,,,,,5,10000,2026-07-22 07:42:13.728,2026-07-22 07:42:13.728
cmrvrybij000sb1brvbo8g9xr,cmrvry6mn000ob1brjdenj6mc,cmr9cpafw000cf2brpgkky9rd,https://hilton.com/dining,jina_markdown,t,,,,unconfirmed,,,,,5,10000,2026-07-22 07:42:15.499,2026-07-22 07:42:15.499
cmrvryd55000ub1brvyge2q9v,cmrvryc6z000tb1brbodst0z6,cmr9cpas9000df2brca7x9kq2,https://fourseasons.com/philadelphia/experiences,jina_markdown,t,,,,valid,,,,,5,10000,2026-07-22 07:42:17.609,2026-07-22 07:42:17.609
cmrvryeo4000vb1br2z1mgsnx,cmrvryc6z000tb1brbodst0z6,cmr9cpas9000df2brca7x9kq2,https://fourseasons.com/philadelphia/dining,jina_markdown,t,,,,valid,,,,,5,10000,2026-07-22 07:42:19.588,2026-07-22 07:42:19.588
cmrvryfve000wb1br8b1lbq4t,cmrvryc6z000tb1brbodst0z6,cmr9cpas9000df2brca7x9kq2,https://fourseasons.com/philadelphia/meetings-and-events,jina_markdown,t,,,,valid,,,,,5,10000,2026-07-22 07:42:21.146,2026-07-22 07:42:21.146
cmrvryh2p000xb1brwytpbowy,cmrvryc6z000tb1brbodst0z6,cmr9cpas9000df2brca7x9kq2,https://fourseasons.com/philadelphia/offers,jina_markdown,t,,,,valid,,,,,5,10000,2026-07-22 07:42:22.705,2026-07-22 07:42:22.705
cmrvryicx000zb1brmdda8xfa,cmrvryhl9000yb1brncgiug3n,cmr9cp6nw0003f2br6x9nekqb,https://all.accor.com/meetings-events,jina_markdown,t,,,,unconfirmed,,,,,5,10000,2026-07-22 07:42:24.369,2026-07-22 07:42:24.369
cmrvryjnj0010b1br06y4wwkg,cmrvryhl9000yb1brncgiug3n,cmr9cp6nw0003f2br6x9nekqb,https://all.accor.com/offers,jina_markdown,t,,,,unconfirmed,,,,,5,10000,2026-07-22 07:42:26.047,2026-07-22 07:42:26.047
cmrvryl150011b1brrzz4q0o1,cmrvryhl9000yb1brncgiug3n,cmr9cp6nw0003f2br6x9nekqb,https://all.accor.com/restaurants-bars,jina_markdown,t,,,,unconfirmed,,,,,5,10000,2026-07-22 07:42:27.833,2026-07-22 07:42:27.833
cmrvrym8r0012b1brm5118bzv,cmrvryhl9000yb1brncgiug3n,cmr9cp6nw0003f2br6x9nekqb,https://all.accor.com/special-offers,jina_markdown,t,,,,unconfirmed,,,,,5,10000,2026-07-22 07:42:29.403,2026-07-22 07:42:29.403
cmrvrynqx0013b1brplnzuizs,cmrvrtbg4001yz7brjoa0d8to,cmr9cpbrc000ff2br9hzfq6n6,https://marriott.com/events,jina_markdown,t,,,,unconfirmed,,,,,5,10000,2026-07-22 07:42:31.353,2026-07-22 07:42:31.353
cmrvrypb90014b1brr5khlzc0,cmrvrtbg4001yz7brjoa0d8to,cmr9cpbrc000ff2br9hzfq6n6,https://marriott.com/meetings,jina_markdown,t,,,,unconfirmed,,,,,5,10000,2026-07-22 07:42:33.381,2026-07-22 07:42:33.381
cmrvryqqp0015b1br3gdq20xa,cmrvrtbg4001yz7brjoa0d8to,cmr9cpbrc000ff2br9hzfq6n6,https://marriott.com/weddings,jina_markdown,t,,,,unconfirmed,,,,,5,10000,2026-07-22 07:42:35.233,2026-07-22 07:42:35.233
cmrvrys3i0016b1broof2d011,cmrvrtbg4001yz7brjoa0d8to,cmr9cpbrc000ff2br9hzfq6n6,https://marriott.com/offers,jina_markdown,t,,,,unconfirmed,,,,,5,10000,2026-07-22 07:42:36.99,2026-07-22 07:42:36.99
cmrvrytcf0018b1brz7819bu2,cmrvrysm00017b1bropygz8n3,cmr9cpc3h000gf2brg5ckrkqd,https://unionleague.org/events,jina_markdown,t,,,,valid,,,,,5,10000,2026-07-22 07:42:38.607,2026-07-22 07:42:38.607
cmrvryus10019b1bruc3bap0c,cmrvrysm00017b1bropygz8n3,cmr9cpc3h000gf2brg5ckrkqd,https://unionleague.org/calendar,jina_markdown,t,,,,valid,,,,,5,10000,2026-07-22 07:42:40.465,2026-07-22 07:42:40.465
cmrvrywj5001ab1brmvsf0i58,cmrvrysm00017b1bropygz8n3,cmr9cpc3h000gf2brg5ckrkqd,https://unionleague.org/private-events,jina_markdown,t,,,,valid,,,,,5,10000,2026-07-22 07:42:42.737,2026-07-22 07:42:42.737
cmrvryy7k001bb1brdtt1seff,cmrvrysm00017b1bropygz8n3,cmr9cpc3h000gf2brg5ckrkqd,https://unionleague.org/news,jina_markdown,t,,,,valid,,,,,5,10000,2026-07-22 07:42:44.912,2026-07-22 07:42:44.912
cmrvryztd001db1brarj599vn,cmrvryyv5001cb1bry2aj9qdz,cmr9cpcpi000hf2brgoij0gz3,https://sonesta.com/events,jina_markdown,t,,,,unconfirmed,,,,,5,10000,2026-07-22 07:42:46.993,2026-07-22 07:42:46.993
cmrvrz1mo001eb1brvt8juuou,cmrvryyv5001cb1bry2aj9qdz,cmr9cpcpi000hf2brgoij0gz3,https://sonesta.com/meetings,jina_markdown,t,,,,unconfirmed,,,,,5,10000,2026-07-22 07:42:49.344,2026-07-22 07:42:49.344
cmrvrz3ls001fb1br94p5n87o,cmrvryyv5001cb1bry2aj9qdz,cmr9cpcpi000hf2brgoij0gz3,https://sonesta.com/offers,jina_markdown,t,,,,unconfirmed,,,,,5,10000,2026-07-22 07:42:51.904,2026-07-22 07:42:51.904
cmrvrz56o001gb1brhoopxycs,cmrvrtbg4001yz7brjoa0d8to,cmr9cpdcd000if2brf5rhxbp2,https://marriott.com/events,jina_markdown,t,,,,unconfirmed,,,,,5,10000,2026-07-22 07:42:53.952,2026-07-22 07:42:53.952
cmrvrz6k6001hb1brrixjbovx,cmrvrtbg4001yz7brjoa0d8to,cmr9cpdcd000if2brf5rhxbp2,https://marriott.com/meetings,jina_markdown,t,,,,unconfirmed,,,,,5,10000,2026-07-22 07:42:55.734,2026-07-22 07:42:55.734
cmrvrz88a001ib1bruq04j1qo,cmrvrtbg4001yz7brjoa0d8to,cmr9cpdcd000if2brf5rhxbp2,https://marriott.com/weddings,jina_markdown,t,,,,unconfirmed,,,,,5,10000,2026-07-22 07:42:57.898,2026-07-22 07:42:57.898
cmrvrz9lj001kb1brxsz541yk,cmrvrz8wn001jb1brjx6qserq,cmr9cpdtc000jf2brljx7e4mo,https://ihg.com/kimpton/events,jina_markdown,t,,,,unconfirmed,,,,,5,10000,2026-07-22 07:42:59.671,2026-07-22 07:42:59.671
cmrvrzavh001lb1brcuy5p99n,cmrvrz8wn001jb1brjx6qserq,cmr9cpdtc000jf2brljx7e4mo,https://ihg.com/kimpton/offers,jina_markdown,t,,,,unconfirmed,,,,,5,10000,2026-07-22 07:43:01.325,2026-07-22 07:43:01.325
cmrvrzc7s001mb1brnze6ifac,cmrvrz8wn001jb1brjx6qserq,cmr9cpdtc000jf2brljx7e4mo,https://ihg.com/kimpton/restaurants,jina_markdown,t,,,,unconfirmed,,,,,5,10000,2026-07-22 07:43:03.064,2026-07-22 07:43:03.064
cmrvrzdrt001nb1bru1ttlup5,cmrvrz8wn001jb1brjx6qserq,cmr9cpe6h000kf2brtciqikdo,https://ihg.com/kimpton/events,jina_markdown,t,,,,unconfirmed,,,,,5,10000,2026-07-22 07:43:05.081,2026-07-22 07:43:05.081
cmrvrzfge001ob1brk6g9t9o1,cmrvrz8wn001jb1brjx6qserq,cmr9cpe6h000kf2brtciqikdo,https://ihg.com/kimpton/offers,jina_markdown,t,,,,unconfirmed,,,,,5,10000,2026-07-22 07:43:07.262,2026-07-22 07:43:07.262
cmrvrzh68001pb1brk8q1s54w,cmrvrz8wn001jb1brjx6qserq,cmr9cpe6h000kf2brtciqikdo,https://ihg.com/kimpton/restaurants,jina_markdown,t,,,,unconfirmed,,,,,5,10000,2026-07-22 07:43:09.488,2026-07-22 07:43:09.488
cmrvrzig9001rb1brwg657nnp,cmrvrzhrd001qb1brnpuldnxz,cmr9cp6nw0003f2br6x9nekqb,https://philadelphia.livecasinohotel.com/entertainment,jina_markdown,t,,,,unconfirmed,,,,,5,10000,2026-07-22 07:43:11.145,2026-07-22 07:43:11.145
cmrvrzjvn001sb1broe8l82n8,cmrvrzhrd001qb1brnpuldnxz,cmr9cp6nw0003f2br6x9nekqb,https://philadelphia.livecasinohotel.com/events,jina_markdown,t,,,,unconfirmed,,,,,5,10000,2026-07-22 07:43:12.995,2026-07-22 07:43:12.995
cmrvrzlg3001tb1brc8d2zskk,cmrvrzhrd001qb1brnpuldnxz,cmr9cp6nw0003f2br6x9nekqb,https://philadelphia.livecasinohotel.com/promotions,jina_markdown,t,,,,unconfirmed,,,,,5,10000,2026-07-22 07:43:15.027,2026-07-22 07:43:15.027
cmrvrzmto001ub1br04qwew9v,cmrvrzhrd001qb1brnpuldnxz,cmr9cp6nw0003f2br6x9nekqb,https://philadelphia.livecasinohotel.com/venues,jina_markdown,t,,,,unconfirmed,,,,,5,10000,2026-07-22 07:43:16.812,2026-07-22 07:43:16.812
cmrvrzo42001vb1brnylwougv,cmrvry6mn000ob1brjdenj6mc,cmr9cpeze000mf2brxor992ph,https://hilton.com/events,jina_markdown,t,,,,unconfirmed,,,,,5,10000,2026-07-22 07:43:18.482,2026-07-22 07:43:18.482
cmrvrzpg3001wb1brrx7rwu8r,cmrvry6mn000ob1brjdenj6mc,cmr9cpeze000mf2brxor992ph,https://hilton.com/meetings-events,jina_markdown,t,,,,unconfirmed,,,,,5,10000,2026-07-22 07:43:20.211,2026-07-22 07:43:20.211
cmrvrzqok001xb1brqsc3yddw,cmrvry6mn000ob1brjdenj6mc,cmr9cpeze000mf2brxor992ph,https://hilton.com/offers,jina_markdown,t,,,,unconfirmed,,,,,5,10000,2026-07-22 07:43:21.812,2026-07-22 07:43:21.812
cmrvrzs4f001yb1brr7j4k1p2,cmrvrtbg4001yz7brjoa0d8to,cmr9cpfbp000nf2brz28iky94,https://marriott.com/events,jina_markdown,t,,,,unconfirmed,,,,,5,10000,2026-07-22 07:43:23.679,2026-07-22 07:43:23.679
cmrvrztdp001zb1bre2it9hoh,cmrvrtbg4001yz7brjoa0d8to,cmr9cpfbp000nf2brz28iky94,https://marriott.com/meetings,jina_markdown,t,,,,unconfirmed,,,,,5,10000,2026-07-22 07:43:25.309,2026-07-22 07:43:25.309
cmrvrzuxa0020b1br97kgke1c,cmrvrtbg4001yz7brjoa0d8to,cmr9cpfbp000nf2brz28iky94,https://marriott.com/offers,jina_markdown,t,,,,unconfirmed,,,,,5,10000,2026-07-22 07:43:27.31,2026-07-22 07:43:27.31
cmrvrzwis0022b1brsv5c5uzm,cmrvrzvl20021b1brqlpq1s4p,cmr9cpfoc000of2br685gad34,https://ihg.com/meetings-events,jina_markdown,t,,,,unconfirmed,,,,,5,10000,2026-07-22 07:43:29.38,2026-07-22 07:43:29.38
cmrvrzyih0023b1brkmdifr6o,cmrvrzvl20021b1brqlpq1s4p,cmr9cpfoc000of2br685gad34,https://ihg.com/offers,jina_markdown,t,,,,unconfirmed,,,,,5,10000,2026-07-22 07:43:31.961,2026-07-22 07:43:31.961
cmrvs004w0025b1br1039bi79,cmrvrzz1i0024b1brd0q77p7b,cmr9cpg0q000pf2brtg7tnjnf,https://temple.edu/events,jina_markdown,t,,,,unconfirmed,,,,,5,10000,2026-07-22 07:43:34.064,2026-07-22 07:43:34.064
cmrvs01ws0026b1braq853qsh,cmrvrzz1i0024b1brd0q77p7b,cmr9cpg0q000pf2brtg7tnjnf,https://temple.edu/calendar,jina_markdown,t,,,,unconfirmed,,,,,5,10000,2026-07-22 07:43:36.364,2026-07-22 07:43:36.364
cmrvs03hp0027b1brd908r2ah,cmrvrzz1i0024b1brd0q77p7b,cmr9cpg0q000pf2brtg7tnjnf,https://temple.edu/conferences,jina_markdown,t,,,,unconfirmed,,,,,5,10000,2026-07-22 07:43:38.413,2026-07-22 07:43:38.413
cmrvs05980029b1br7l9l6dg3,cmrvs04890028b1brdby63bxv,cmr9cpgfm000qf2brjkggslhl,https://warwickrittenhouse.com/events,jina_markdown,t,,,,unconfirmed,,,,,5,10000,2026-07-22 07:43:40.7,2026-07-22 07:43:40.7
cmrvs06sh002ab1brdnrpldhs,cmrvs04890028b1brdby63bxv,cmr9cpgfm000qf2brjkggslhl,https://warwickrittenhouse.com/meetings,jina_markdown,t,,,,unconfirmed,,,,,5,10000,2026-07-22 07:43:42.689,2026-07-22 07:43:42.689
cmrvs08ai002bb1brobj7at2y,cmrvs04890028b1brdby63bxv,cmr9cpgfm000qf2brjkggslhl,https://warwickrittenhouse.com/offers,jina_markdown,t,,,,unconfirmed,,,,,5,10000,2026-07-22 07:43:44.634,2026-07-22 07:43:44.634
cmrvs0a13002cb1brx9jefgv7,cmrvrtbg4001yz7brjoa0d8to,cmr9cpgtq000rf2brxjsaf0si,https://marriott.com/events,jina_markdown,t,,,,unconfirmed,,,,,5,10000,2026-07-22 07:43:46.887,2026-07-22 07:43:46.887
cmrvs0c07002db1br32vc2dsc,cmrvrtbg4001yz7brjoa0d8to,cmr9cpgtq000rf2brxjsaf0si,https://marriott.com/meetings,jina_markdown,t,,,,unconfirmed,,,,,5,10000,2026-07-22 07:43:49.447,2026-07-22 07:43:49.447
cmrvs0dtn002eb1brzjjx1pzu,cmrvrtbg4001yz7brjoa0d8to,cmr9cpgtq000rf2brxjsaf0si,https://marriott.com/weddings,jina_markdown,t,,,,unconfirmed,,,,,5,10000,2026-07-22 07:43:51.803,2026-07-22 07:43:51.803
cmrvs0fqf002gb1br9jmcp7vz,cmrvs0em1002fb1br20pyd7us,cmr9cphic000tf2brkrlc3xjf,https://xfinitylive.com/philadelphia/events,jina_markdown,t,,,,unconfirmed,,,,,5,10000,2026-07-22 07:43:54.279,2026-07-22 07:43:54.279
cmrvs0hja002hb1br8s71rcul,cmrvs0em1002fb1br20pyd7us,cmr9cphic000tf2brkrlc3xjf,https://xfinitylive.com/philadelphia/calendar,jina_markdown,t,,,,unconfirmed,,,,,5,10000,2026-07-22 07:43:56.614,2026-07-22 07:43:56.614
cmrvs0j1c002ib1br3fx9s9hq,cmrvs0em1002fb1br20pyd7us,cmr9cphic000tf2brkrlc3xjf,https://xfinitylive.com/philadelphia/concerts,jina_markdown,t,,,,unconfirmed,,,,,5,10000,2026-07-22 07:43:58.56,2026-07-22 07:43:58.56
cmrvs0kha002kb1broyj0jztx,cmrvs0jkj002jb1br307njm1h,cmr9cphv0000uf2br1svbd7qx,https://phillyseaport.org/events,jina_markdown,t,,,,unconfirmed,,,,,5,10000,2026-07-22 07:44:00.43,2026-07-22 07:44:00.43
cmrvs0m24002lb1bretqsshxx,cmrvs0jkj002jb1br307njm1h,cmr9cphv0000uf2br1svbd7qx,https://phillyseaport.org/calendar,jina_markdown,t,,,,unconfirmed,,,,,5,10000,2026-07-22 07:44:02.476,2026-07-22 07:44:02.476
cmrvs0nmb002mb1brbr7n1o0d,cmrvs0jkj002jb1br307njm1h,cmr9cphv0000uf2br1svbd7qx,https://phillyseaport.org/exhibits,jina_markdown,t,,,,unconfirmed,,,,,5,10000,2026-07-22 07:44:04.499,2026-07-22 07:44:04.499
cmrvs0p58002ob1brnxq3egmg,cmrvs0o6l002nb1br0o21levm,cmr9cpi7j000vf2brccglw8ci,https://pafa.org/events,jina_markdown,t,,,,unconfirmed,,,,,5,10000,2026-07-22 07:44:06.476,2026-07-22 07:44:06.476
cmrvs0qp8002pb1br08mt1zdw,cmrvs0o6l002nb1br0o21levm,cmr9cpi7j000vf2brccglw8ci,https://pafa.org/calendar,jina_markdown,t,,,,unconfirmed,,,,,5,10000,2026-07-22 07:44:08.492,2026-07-22 07:44:08.492
cmrvs0s3q002qb1br6r8vlfsl,cmrvs0o6l002nb1br0o21levm,cmr9cpi7j000vf2brccglw8ci,https://pafa.org/exhibitions,jina_markdown,t,,,,unconfirmed,,,,,5,10000,2026-07-22 07:44:10.31,2026-07-22 07:44:10.31
cmrvs0ts5002sb1br7we8wzg4,cmrvs0sqc002rb1br3tjhrir5,cmr9cpijt000wf2brfiyl1m8g,https://crystaltearoom.com/events,jina_markdown,t,,,,unconfirmed,,,,,5,10000,2026-07-22 07:44:12.485,2026-07-22 07:44:12.485
cmrvs0v9e002tb1brx1tamuar,cmrvs0sqc002rb1br3tjhrir5,cmr9cpijt000wf2brfiyl1m8g,https://crystaltearoom.com/weddings,jina_markdown,t,,,,unconfirmed,,,,,5,10000,2026-07-22 07:44:14.402,2026-07-22 07:44:14.402
cmrvs0ws8002ub1brlmdfp6fa,cmrvs0sqc002rb1br3tjhrir5,cmr9cpijt000wf2brfiyl1m8g,https://crystaltearoom.com/social-events,jina_markdown,t,,,,unconfirmed,,,,,5,10000,2026-07-22 07:44:16.376,2026-07-22 07:44:16.376
cmrvs0yjp002wb1brt3tcas7f,cmrvs0xni002vb1brkickwyix,cmr9cpiwl000xf2brqfhvqfds,https://libertyviewphl.com/events,jina_markdown,t,,,,unconfirmed,,,,,5,10000,2026-07-22 07:44:18.661,2026-07-22 07:44:18.661
cmrvs1045002xb1brzouqbt8v,cmrvs0xni002vb1brkickwyix,cmr9cpiwl000xf2brqfhvqfds,https://libertyviewphl.com/weddings,jina_markdown,t,,,,unconfirmed,,,,,5,10000,2026-07-22 07:44:20.693,2026-07-22 07:44:20.693
cmrvs11hq002yb1br5hglsom5,cmrvs0xni002vb1brkickwyix,cmr9cpiwl000xf2brqfhvqfds,https://libertyviewphl.com/private-events,jina_markdown,t,,,,unconfirmed,,,,,5,10000,2026-07-22 07:44:22.478,2026-07-22 07:44:22.478
cmrvs12tr002zb1brrfc3ivbe,cmrvrtbg4001yz7brjoa0d8to,cmr9cpl6t0013f2br915ca7fg,https://marriott.com/events,jina_markdown,t,,,,valid,,,,,5,10000,2026-07-22 07:44:24.207,2026-07-22 07:44:24.207
cmrvs144r0030b1brkflxl6cb,cmrvrtbg4001yz7brjoa0d8to,cmr9cpl6t0013f2br915ca7fg,https://marriott.com/meetings-and-events,jina_markdown,t,,,,valid,,,,,5,10000,2026-07-22 07:44:25.899,2026-07-22 07:44:25.899
cmrvs15nf0031b1br61txuvx6,cmrvrtbg4001yz7brjoa0d8to,cmr9cpl6t0013f2br915ca7fg,https://marriott.com/weddings,jina_markdown,t,,,,valid,,,,,5,10000,2026-07-22 07:44:27.867,2026-07-22 07:44:27.867
cmrvs175l0032b1br8q7b9p4e,cmrvrtbg4001yz7brjoa0d8to,cmr9cpl6t0013f2br915ca7fg,https://marriott.com/restaurants,jina_markdown,t,,,,valid,,,,,5,10000,2026-07-22 07:44:29.818,2026-07-22 07:44:29.818
cmrvs18tx0033b1bry7nhi67w,cmrvry6mn000ob1brjdenj6mc,cmr9cplpr0014f2br0sm3hfyg,https://hilton.com/events,jina_markdown,t,,,,valid,,,,,5,10000,2026-07-22 07:44:31.989,2026-07-22 07:44:31.989
cmrvs1a6q0034b1brhej4plr9,cmrvry6mn000ob1brjdenj6mc,cmr9cplpr0014f2br0sm3hfyg,https://hilton.com/meetings-events,jina_markdown,t,,,,valid,,,,,5,10000,2026-07-22 07:44:33.746,2026-07-22 07:44:33.746
cmrvs1bjl0035b1brcxg0brz9,cmrvry6mn000ob1brjdenj6mc,cmr9cplpr0014f2br0sm3hfyg,https://hilton.com/offers,jina_markdown,t,,,,valid,,,,,5,10000,2026-07-22 07:44:35.505,2026-07-22 07:44:35.505
cmrvs1d4z0036b1br5pkhivye,cmrvry6mn000ob1brjdenj6mc,cmr9cplpr0014f2br0sm3hfyg,https://hilton.com/restaurants,jina_markdown,t,,,,valid,,,,,5,10000,2026-07-22 07:44:37.571,2026-07-22 07:44:37.571
cmrvs1eeh0037b1brie0l0ihi,cmrvrtbg4001yz7brjoa0d8to,cmr9cpm3z0015f2br8h4aj0or,https://marriott.com/events,jina_markdown,t,,,,valid,,,,,5,10000,2026-07-22 07:44:39.209,2026-07-22 07:44:39.209
cmrvs1fw20038b1brkzvcrjk7,cmrvrtbg4001yz7brjoa0d8to,cmr9cpm3z0015f2br8h4aj0or,https://marriott.com/meetings-and-events,jina_markdown,t,,,,valid,,,,,5,10000,2026-07-22 07:44:41.138,2026-07-22 07:44:41.138
cmrvs1hbq0039b1braw3tqy7l,cmrvrtbg4001yz7brjoa0d8to,cmr9cpm3z0015f2br8h4aj0or,https://marriott.com/weddings,jina_markdown,t,,,,valid,,,,,5,10000,2026-07-22 07:44:42.998,2026-07-22 07:44:42.998
cmrvs1iqy003ab1brml1cvax8,cmrvrxd160001b1brrrx5mltq,cmr9cpmkc0016f2brj6bmf01e,https://hyatt.com/meetings-and-events,jina_markdown,t,,,,valid,,,,,5,10000,2026-07-22 07:44:44.843,2026-07-22 07:44:44.843
cmrvs1kf9003bb1bruwvlpsy5,cmrvrxd160001b1brrrx5mltq,cmr9cpmkc0016f2brj6bmf01e,https://hyatt.com/offers,jina_markdown,t,,,,valid,,,,,5,10000,2026-07-22 07:44:47.013,2026-07-22 07:44:47.013
cmrvs1m2b003cb1brkn6yl0gx,cmrvrxd160001b1brrrx5mltq,cmr9cpmkc0016f2brj6bmf01e,https://hyatt.com/dining,jina_markdown,t,,,,valid,,,,,5,10000,2026-07-22 07:44:49.139,2026-07-22 07:44:49.139
cmrvs1nfd003eb1brrno3by40,cmrvs1mkx003db1br8pj8zld9,cmr9cpn4x0017f2brxjxl35c5,https://omnihotels.com/meetings,jina_markdown,t,,,,valid,,,,,5,10000,2026-07-22 07:44:50.905,2026-07-22 07:44:50.905
cmrvs1p0l003fb1br8sb46h4y,cmrvs1mkx003db1br8pj8zld9,cmr9cpn4x0017f2brxjxl35c5,https://omnihotels.com/special-events,jina_markdown,t,,,,valid,,,,,5,10000,2026-07-22 07:44:52.965,2026-07-22 07:44:52.965
cmrvs1qih003gb1br254pvo33,cmrvs1mkx003db1br8pj8zld9,cmr9cpn4x0017f2brxjxl35c5,https://omnihotels.com/offers,jina_markdown,t,,,,valid,,,,,5,10000,2026-07-22 07:44:54.905,2026-07-22 07:44:54.905
cmrvs1rzq003hb1brfq1stxaz,cmrvs1mkx003db1br8pj8zld9,cmr9cpn4x0017f2brxjxl35c5,https://omnihotels.com/things-to-do,jina_markdown,t,,,,valid,,,,,5,10000,2026-07-22 07:44:56.822,2026-07-22 07:44:56.822
cmrvs1tl5003ib1brno800p03,cmrvrtbg4001yz7brjoa0d8to,cmr9cpnmb0018f2brxd66quku,https://marriott.com/events,jina_markdown,t,,,,valid,,,,,5,10000,2026-07-22 07:44:58.889,2026-07-22 07:44:58.889
cmrvs1v1i003jb1brf5r2ayet,cmrvrtbg4001yz7brjoa0d8to,cmr9cpnmb0018f2brxd66quku,https://marriott.com/meetings-and-events,jina_markdown,t,,,,valid,,,,,5,10000,2026-07-22 07:45:00.774,2026-07-22 07:45:00.774
cmrvs1we6003kb1brsyp2yu5m,cmrvrtbg4001yz7brjoa0d8to,cmr9cpnmb0018f2brxd66quku,https://marriott.com/weddings,jina_markdown,t,,,,valid,,,,,5,10000,2026-07-22 07:45:02.526,2026-07-22 07:45:02.526
cmrvs1y8e003mb1brs6cux4ez,cmrvs1xaa003lb1br0mlc9ou5,cmr9cpoi8001af2brdgzb76xh,https://itcdc.com/events,jina_markdown,t,,,,valid,,,,,5,10000,2026-07-22 07:45:04.91,2026-07-22 07:45:04.91
cmrvs1ztb003nb1brpme9rnhr,cmrvs1xaa003lb1br0mlc9ou5,cmr9cpoi8001af2brdgzb76xh,https://itcdc.com/calendar,jina_markdown,t,,,,valid,,,,,5,10000,2026-07-22 07:45:06.959,2026-07-22 07:45:06.959
cmrvs21ki003ob1broajl2fm5,cmrvs1xaa003lb1br0mlc9ou5,cmr9cpoi8001af2brdgzb76xh,https://itcdc.com/conferences,jina_markdown,t,,,,valid,,,,,5,10000,2026-07-22 07:45:09.234,2026-07-22 07:45:09.234
cmrvs22td003pb1brt4m26640,cmrvs1xaa003lb1br0mlc9ou5,cmr9cpoi8001af2brdgzb76xh,https://itcdc.com/public-events,jina_markdown,t,,,,valid,,,,,5,10000,2026-07-22 07:45:10.849,2026-07-22 07:45:10.849
cmrvs24k2003qb1brs6vck2zk,cmrvrruy2000oz7brfwf8t6ds,cmr9cpoux001bf2bre96w3qxj,https://eventsdc.com/events,jina_markdown,t,,,,unconfirmed,,,,,5,10000,2026-07-22 07:45:13.106,2026-07-22 07:45:13.106
cmrvs265e003rb1br1vwnkzz2,cmrvrruy2000oz7brfwf8t6ds,cmr9cpoux001bf2bre96w3qxj,https://eventsdc.com/festivals,jina_markdown,t,,,,unconfirmed,,,,,5,10000,2026-07-22 07:45:15.17,2026-07-22 07:45:15.17
cmrvs27kv003sb1brxqy2ns9d,cmrvrruy2000oz7brfwf8t6ds,cmr9cpoux001bf2bre96w3qxj,https://eventsdc.com/calendar,jina_markdown,t,,,,unconfirmed,,,,,5,10000,2026-07-22 07:45:17.023,2026-07-22 07:45:17.023
cmrvs28up003tb1brfwn473vk,cmrvrtbg4001yz7brjoa0d8to,cmr9cppy5001df2br2fq1qni1,https://marriott.com/events,jina_markdown,t,,,,valid,,,,,5,10000,2026-07-22 07:45:18.673,2026-07-22 07:45:18.673
cmrvs2ayb003ub1brknmaswbn,cmrvrtbg4001yz7brjoa0d8to,cmr9cppy5001df2br2fq1qni1,https://marriott.com/events/perfectly-crafted-celebrations,jina_markdown,t,,,,valid,,,,,5,10000,2026-07-22 07:45:21.395,2026-07-22 07:45:21.395
cmrvs2cgd003vb1br2vhuy6n9,cmrvrtbg4001yz7brjoa0d8to,cmr9cppy5001df2br2fq1qni1,https://marriott.com/events/perfectly-crafted-celebrations/meetings,jina_markdown,t,,,,valid,,,,,5,10000,2026-07-22 07:45:23.341,2026-07-22 07:45:23.341
cmrvs2e6x003wb1brwwash4v5,cmrvry6mn000ob1brjdenj6mc,cmr9cpqaf001ef2br5wyyfaor,https://hilton.com/events,jina_markdown,t,,,,valid,,,,,5,10000,2026-07-22 07:45:25.593,2026-07-22 07:45:25.593
cmrvs2fvc003xb1br4afuhatj,cmrvry6mn000ob1brjdenj6mc,cmr9cpqaf001ef2br5wyyfaor,https://hilton.com/meetings-events,jina_markdown,t,,,,valid,,,,,5,10000,2026-07-22 07:45:27.768,2026-07-22 07:45:27.768
cmrvs2h9w003yb1brk0rempd3,cmrvry6mn000ob1brjdenj6mc,cmr9cpqaf001ef2br5wyyfaor,https://hilton.com/offers,jina_markdown,t,,,,valid,,,,,5,10000,2026-07-22 07:45:29.588,2026-07-22 07:45:29.588
cmrvs2j0f003zb1brtqd91i5m,cmrvrxd160001b1brrrx5mltq,cmr9cpqmo001ff2brqosv8d44,https://hyatt.com/meetings-and-events,jina_markdown,t,,,,valid,,,,,5,10000,2026-07-22 07:45:31.839,2026-07-22 07:45:31.839
cmrvs2ko60040b1brybmgbavy,cmrvrxd160001b1brrrx5mltq,cmr9cpqmo001ff2brqosv8d44,https://hyatt.com/offers,jina_markdown,t,,,,valid,,,,,5,10000,2026-07-22 07:45:33.99,2026-07-22 07:45:33.99
cmrvs2mak0041b1brswoysbxo,cmrvrxd160001b1brrrx5mltq,cmr9cpqmo001ff2brqosv8d44,https://hyatt.com/restaurants,jina_markdown,t,,,,valid,,,,,5,10000,2026-07-22 07:45:36.092,2026-07-22 07:45:36.092
cmrvs2ntf0042b1brj8cfs19r,cmrvrtbg4001yz7brjoa0d8to,cmr9cprk9001hf2brr8z4b4dt,https://marriott.com/events,jina_markdown,t,,,,valid,,,,,5,10000,2026-07-22 07:45:38.067,2026-07-22 07:45:38.067
cmrvs2pfl0043b1brqrjf76k8,cmrvrtbg4001yz7brjoa0d8to,cmr9cprk9001hf2brr8z4b4dt,https://marriott.com/experiences,jina_markdown,t,,,,valid,,,,,5,10000,2026-07-22 07:45:40.161,2026-07-22 07:45:40.161
cmrvs2rb30044b1brvjn7wkul,cmrvrtbg4001yz7brjoa0d8to,cmr9cprk9001hf2brr8z4b4dt,https://marriott.com/meetings-and-events,jina_markdown,t,,,,valid,,,,,5,10000,2026-07-22 07:45:42.591,2026-07-22 07:45:42.591
cmrvs2soz0045b1brd5qjz9d8,cmrvrtbg4001yz7brjoa0d8to,cmr9cprk9001hf2brr8z4b4dt,https://marriott.com/restaurants,jina_markdown,t,,,,valid,,,,,5,10000,2026-07-22 07:45:44.387,2026-07-22 07:45:44.387
cmrvs2u3a0047b1br2dqgiedz,cmrvs2tdp0046b1bro03ua213,cmr9cps61001if2br6ochavbk,https://harborsidehotel.com/events,jina_markdown,t,,,,unconfirmed,,,,,5,10000,2026-07-22 07:45:46.198,2026-07-22 07:45:46.198
cmrvs2vqd0048b1brddm1cfjb,cmrvs2tdp0046b1bro03ua213,cmr9cps61001if2br6ochavbk,https://harborsidehotel.com/meetings,jina_markdown,t,,,,unconfirmed,,,,,5,10000,2026-07-22 07:45:48.325,2026-07-22 07:45:48.325
cmrvs2x8f0049b1br8a6yz160,cmrvs2tdp0046b1bro03ua213,cmr9cps61001if2br6ochavbk,https://harborsidehotel.com/offers,jina_markdown,t,,,,unconfirmed,,,,,5,10000,2026-07-22 07:45:50.271,2026-07-22 07:45:50.271
cmrvs2yta004ab1bre5iar3e4,cmrvry6mn000ob1brjdenj6mc,cmr9cpv96001of2brvt99pumy,https://hilton.com/events,jina_markdown,t,,,,valid,,,,,5,10000,2026-07-22 07:45:52.318,2026-07-22 07:45:52.318
cmrvs306b004bb1br6f2pnscg,cmrvry6mn000ob1brjdenj6mc,cmr9cpv96001of2brvt99pumy,https://hilton.com/meetings-events,jina_markdown,t,,,,valid,,,,,5,10000,2026-07-22 07:45:54.083,2026-07-22 07:45:54.083
cmrvs322b004cb1br2263m92i,cmrvry6mn000ob1brjdenj6mc,cmr9cpv96001of2brvt99pumy,https://hilton.com/offers,jina_markdown,t,,,,valid,,,,,5,10000,2026-07-22 07:45:56.531,2026-07-22 07:45:56.531
cmrvs33ms004db1brs5k9y8ue,cmrvrtbg4001yz7brjoa0d8to,cmr9cpvr2001pf2bri3dvmktc,https://marriott.com/events,jina_markdown,t,,,,valid,,,,,5,10000,2026-07-22 07:45:58.564,2026-07-22 07:45:58.564
cmrvs35j2004eb1brsvc00ct1,cmrvrtbg4001yz7brjoa0d8to,cmr9cpvr2001pf2bri3dvmktc,https://marriott.com/meetings-and-events,jina_markdown,t,,,,valid,,,,,5,10000,2026-07-22 07:46:01.022,2026-07-22 07:46:01.022
cmrvs36sc004fb1brs33e79mu,cmrvrtbg4001yz7brjoa0d8to,cmr9cpvr2001pf2bri3dvmktc,https://marriott.com/weddings,jina_markdown,t,,,,valid,,,,,5,10000,2026-07-22 07:46:02.653,2026-07-22 07:46:02.653
cmrvs389n004hb1brhcnqdl80,cmrvs37cn004gb1br3nsx0ynm,cmr9cpwdq001qf2brpe3b6b2d,https://fourseasons.com/baltimore/experiences,jina_markdown,t,,,,valid,,,,,5,10000,2026-07-22 07:46:04.571,2026-07-22 07:46:04.571
cmrvs39yb004ib1brmxzhn4pf,cmrvs37cn004gb1br3nsx0ynm,cmr9cpwdq001qf2brpe3b6b2d,https://fourseasons.com/baltimore/dining,jina_markdown,t,,,,valid,,,,,5,10000,2026-07-22 07:46:06.755,2026-07-22 07:46:06.755
cmrvs3bj9004jb1br8o8l8lhj,cmrvs37cn004gb1br3nsx0ynm,cmr9cpwdq001qf2brpe3b6b2d,https://fourseasons.com/baltimore/meetings-and-events,jina_markdown,t,,,,valid,,,,,5,10000,2026-07-22 07:46:08.805,2026-07-22 07:46:08.805
cmrvs3dap004kb1br8qd5d5q5,cmrvry6mn000ob1brjdenj6mc,cmr9cpuwn001nf2br6v624l1z,https://hilton.com/events,jina_markdown,t,,,,valid,,,,,5,10000,2026-07-22 07:46:11.089,2026-07-22 07:46:11.089
cmrvs3ewm004lb1brtfdnw2ou,cmrvry6mn000ob1brjdenj6mc,cmr9cpuwn001nf2br6v624l1z,https://hilton.com/meetings-events,jina_markdown,t,,,,valid,,,,,5,10000,2026-07-22 07:46:13.174,2026-07-22 07:46:13.174
cmrvs3ges004mb1brtyka07v3,cmrvry6mn000ob1brjdenj6mc,cmr9cpuwn001nf2br6v624l1z,https://hilton.com/offers,jina_markdown,t,,,,valid,,,,,5,10000,2026-07-22 07:46:15.124,2026-07-22 07:46:15.124
cmrvs3hvk004nb1brzohbar33,cmrvrxd160001b1brrrx5mltq,cmr9cpxhg001sf2brl4wpoaqy,https://hyatt.com/meetings-and-events,jina_markdown,t,,,,valid,,,,,5,10000,2026-07-22 07:46:17.024,2026-07-22 07:46:17.024
cmrvs3j48004ob1br10i1fcnz,cmrvrxd160001b1brrrx5mltq,cmr9cpxhg001sf2brl4wpoaqy,https://hyatt.com/offers,jina_markdown,t,,,,valid,,,,,5,10000,2026-07-22 07:46:18.632,2026-07-22 07:46:18.632
cmrvs3kxo004pb1bry0pue89g,cmrvrxd160001b1brrrx5mltq,cmr9cpxhg001sf2brl4wpoaqy,https://hyatt.com/dining,jina_markdown,t,,,,valid,,,,,5,10000,2026-07-22 07:46:20.988,2026-07-22 07:46:20.988
cmrvs3me7004qb1brvw6s453g,cmrvrtbg4001yz7brjoa0d8to,cmr9cpxw5001tf2brccvs8xbg,https://marriott.com/events,jina_markdown,t,,,,valid,,,,,5,10000,2026-07-22 07:46:22.879,2026-07-22 07:46:22.879
cmrvs3nli004rb1brqqdoh8fo,cmrvrtbg4001yz7brjoa0d8to,cmr9cpxw5001tf2brccvs8xbg,https://marriott.com/meetings-and-events,jina_markdown,t,,,,valid,,,,,5,10000,2026-07-22 07:46:24.438,2026-07-22 07:46:24.438
cmrvs3oxx004sb1brcvq4nlnl,cmrvrtbg4001yz7brjoa0d8to,cmr9cpxw5001tf2brccvs8xbg,https://marriott.com/weddings,jina_markdown,t,,,,valid,,,,,5,10000,2026-07-22 07:46:26.181,2026-07-22 07:46:26.181
cmrvs3qka004tb1brbzyc9kp3,cmrvrtbg4001yz7brjoa0d8to,cmr9cpycw001uf2br3wt7pezf,https://marriott.com/events,jina_markdown,t,,,,valid,,,,,5,10000,2026-07-22 07:46:28.282,2026-07-22 07:46:28.282
cmrvs3s2c004ub1brmalzgcbz,cmrvrtbg4001yz7brjoa0d8to,cmr9cpycw001uf2br3wt7pezf,https://marriott.com/meetings-and-events,jina_markdown,t,,,,valid,,,,,5,10000,2026-07-22 07:46:30.228,2026-07-22 07:46:30.228
cmrvs3tfi004vb1brvzk19ke0,cmrvrtbg4001yz7brjoa0d8to,cmr9cpycw001uf2br3wt7pezf,https://marriott.com/offers,jina_markdown,t,,,,valid,,,,,5,10000,2026-07-22 07:46:31.998,2026-07-22 07:46:31.998
cmrvs3uu2004wb1br2slrd3bf,cmrvrtbg4001yz7brjoa0d8to,cmr9cpuwn001nf2br6v624l1z,https://marriott.com/events,jina_markdown,t,,,,unconfirmed,,,,,5,10000,2026-07-22 07:46:33.818,2026-07-22 07:46:33.818
cmrvs3w4w004xb1brqc6qt0j3,cmrvrtbg4001yz7brjoa0d8to,cmr9cpuwn001nf2br6v624l1z,https://marriott.com/meetings-and-events,jina_markdown,t,,,,unconfirmed,,,,,5,10000,2026-07-22 07:46:35.504,2026-07-22 07:46:35.504
cmrvs3xw4004yb1brfs2586gf,cmrvry6mn000ob1brjdenj6mc,cmr9cpzme001wf2brefb8vjln,https://hilton.com/events,jina_markdown,t,,,,unconfirmed,,,,,5,10000,2026-07-22 07:46:37.78,2026-07-22 07:46:37.78
cmrvs3zju004zb1brb9r8vl37,cmrvry6mn000ob1brjdenj6mc,cmr9cpzme001wf2brefb8vjln,https://hilton.com/meetings-events,jina_markdown,t,,,,unconfirmed,,,,,5,10000,2026-07-22 07:46:39.93,2026-07-22 07:46:39.93
cmrvs414p0050b1brjagoylsm,cmrvrxd160001b1brrrx5mltq,cmr9cq03f001xf2br6o1hzmi6,https://hyatt.com/offers,jina_markdown,t,,,,unconfirmed,,,,,5,10000,2026-07-22 07:46:41.977,2026-07-22 07:46:41.977
cmrvs42s50051b1brro0axrjh,cmrvrxd160001b1brrrx5mltq,cmr9cq03f001xf2br6o1hzmi6,https://hyatt.com/meetings,jina_markdown,t,,,,unconfirmed,,,,,5,10000,2026-07-22 07:46:44.117,2026-07-22 07:46:44.117
cmrvs444u0052b1brrasoc18b,cmrvrzvl20021b1brqlpq1s4p,cmr9cq0r8001yf2br3wa7ods3,https://ihg.com/meetings-events,jina_markdown,t,,,,unconfirmed,,,,,5,10000,2026-07-22 07:46:45.87,2026-07-22 07:46:45.87
cmrvs45lj0053b1br2uuhppa0,cmrvrzvl20021b1brqlpq1s4p,cmr9cq0r8001yf2br3wa7ods3,https://ihg.com/offers,jina_markdown,t,,,,unconfirmed,,,,,5,10000,2026-07-22 07:46:47.767,2026-07-22 07:46:47.767
cmrvs47al0055b1brwz4y68k7,cmrvs46dk0054b1br80ymry4m,cmr9cq17l001zf2brd4nc2hul,https://lordbaltimorehotel.com/events,jina_markdown,t,,,,valid,,,,,5,10000,2026-07-22 07:46:49.965,2026-07-22 07:46:49.965
cmrvsck9m0000yabr75iycc9b,cmrvs46dk0054b1br80ymry4m,cmr9cq17l001zf2brd4nc2hul,https://lordbaltimorehotel.com/calendar,jina_markdown,t,,,,valid,,,,,5,10000,2026-07-22 07:53:20.027,2026-07-22 07:53:20.027
cmrvsclxo0001yabrl1nskac2,cmrvs46dk0054b1br80ymry4m,cmr9cq17l001zf2brd4nc2hul,https://lordbaltimorehotel.com/meetings,jina_markdown,t,,,,valid,,,,,5,10000,2026-07-22 07:53:22.188,2026-07-22 07:53:22.188
cmrvscnfo0002yabrqp02di19,cmrvs46dk0054b1br80ymry4m,cmr9cq17l001zf2brd4nc2hul,https://lordbaltimorehotel.com/weddings,jina_markdown,t,,,,valid,,,,,5,10000,2026-07-22 07:53:24.132,2026-07-22 07:53:24.132
cmrvscox60003yabrkjmvzehk,cmrvry6mn000ob1brjdenj6mc,cmr9cq1k30020f2brpe3tka0y,https://hilton.com/events,jina_markdown,t,,,,unconfirmed,,,,,5,10000,2026-07-22 07:53:26.058,2026-07-22 07:53:26.058
cmrvscqix0004yabrzm4e5p06,cmrvry6mn000ob1brjdenj6mc,cmr9cq1k30020f2brpe3tka0y,https://hilton.com/meetings-events,jina_markdown,t,,,,unconfirmed,,,,,5,10000,2026-07-22 07:53:28.137,2026-07-22 07:53:28.137
cmrvscse40006yabrivf8wq6s,cmrvscra90005yabr0apeij2t,cmr9cq1wc0021f2brb8ziz4h7,https://ritacolwellcenter.org/events,jina_markdown,t,,,,valid,,,,,5,10000,2026-07-22 07:53:30.556,2026-07-22 07:53:30.556
cmrvscu1u0007yabr4kvt8bfa,cmrvscra90005yabr0apeij2t,cmr9cq1wc0021f2brb8ziz4h7,https://ritacolwellcenter.org/calendar,jina_markdown,t,,,,valid,,,,,5,10000,2026-07-22 07:53:32.706,2026-07-22 07:53:32.706
cmrvscvbg0008yabrvurqd6l8,cmrvscra90005yabr0apeij2t,cmr9cq1wc0021f2brb8ziz4h7,https://ritacolwellcenter.org/venue-rental,jina_markdown,t,,,,valid,,,,,5,10000,2026-07-22 07:53:34.348,2026-07-22 07:53:34.348
cmrvscwqn000ayabr57k47qq3,cmrvscw160009yabrfa6enjl7,cmr9cq28l0022f2brikprjibi,https://morgan.edu/events,jina_markdown,t,,,,valid,,,,,5,10000,2026-07-22 07:53:36.191,2026-07-22 07:53:36.191
cmrvscyev000byabrh0cj2nuj,cmrvscw160009yabrfa6enjl7,cmr9cq28l0022f2brikprjibi,https://morgan.edu/calendar,jina_markdown,t,,,,valid,,,,,5,10000,2026-07-22 07:53:38.359,2026-07-22 07:53:38.359
cmrvsd03f000cyabr0oagxsjz,cmrvscw160009yabrfa6enjl7,cmr9cq28l0022f2brikprjibi,https://morgan.edu/performances,jina_markdown,t,,,,valid,,,,,5,10000,2026-07-22 07:53:40.539,2026-07-22 07:53:40.539
cmrvsd1ef000eyabrcu5eqec5,cmrvsd0n8000dyabrq3p1y71c,cmr9cq2ks0023f2brytor87dj,https://umbcretrievers.com/calendar,jina_markdown,t,,,,valid,,,,,5,10000,2026-07-22 07:53:42.231,2026-07-22 07:53:42.231
cmrvsd2va000fyabr299ac6xr,cmrvsd0n8000dyabrq3p1y71c,cmr9cq2ks0023f2brytor87dj,https://umbcretrievers.com/events,jina_markdown,t,,,,valid,,,,,5,10000,2026-07-22 07:53:44.134,2026-07-22 07:53:44.134
cmrvsd4f1000gyabrk56d6rn1,cmrvsd0n8000dyabrq3p1y71c,cmr9cq2ks0023f2brytor87dj,https://umbcretrievers.com/tickets,jina_markdown,t,,,,valid,,,,,5,10000,2026-07-22 07:53:46.141,2026-07-22 07:53:46.141
cmrvsd5sb000iyabrs1xlf7n6,cmrvsd4zk000hyabr3qrvrvb0,cmr9cq2y90024f2brme5vdcu7,https://graffitiwarehouse.com/events,jina_markdown,t,,,,valid,,,,,5,10000,2026-07-22 07:53:47.915,2026-07-22 07:53:47.915
cmrvsd7c6000jyabr4nhkavt3,cmrvsd4zk000hyabr3qrvrvb0,cmr9cq2y90024f2brme5vdcu7,https://graffitiwarehouse.com/calendar,jina_markdown,t,,,,valid,,,,,5,10000,2026-07-22 07:53:49.926,2026-07-22 07:53:49.926
cmrvsd9e7000kyabr9h3q3h3r,cmrvsd4zk000hyabr3qrvrvb0,cmr9cq2y90024f2brme5vdcu7,https://graffitiwarehouse.com/private-events,jina_markdown,t,,,,valid,,,,,5,10000,2026-07-22 07:53:52.591,2026-07-22 07:53:52.591
cmrvsdazn000myabru64io08n,cmrvsda67000lyabrgan5kcue,cmr9cq41n0026f2br1nunckg2,https://turfvalley.com/events,jina_markdown,t,,,,valid,,,,,5,10000,2026-07-22 07:53:54.659,2026-07-22 07:53:54.659
cmrvsdcp8000nyabr5wp8y336,cmrvsda67000lyabrgan5kcue,cmr9cq41n0026f2br1nunckg2,https://turfvalley.com/calendar,jina_markdown,t,,,,valid,,,,,5,10000,2026-07-22 07:53:56.876,2026-07-22 07:53:56.876
cmrvsdefz000oyabrj49884e1,cmrvsda67000lyabrgan5kcue,cmr9cq41n0026f2br1nunckg2,https://turfvalley.com/golf-events,jina_markdown,t,,,,valid,,,,,5,10000,2026-07-22 07:53:59.135,2026-07-22 07:53:59.135
cmrvsdgf0000pyabrv8c9k1lk,cmrvsda67000lyabrgan5kcue,cmr9cq41n0026f2br1nunckg2,https://turfvalley.com/special-events,jina_markdown,t,,,,valid,,,,,5,10000,2026-07-22 07:54:01.692,2026-07-22 07:54:01.692
cmrvsdhu4000ryabria1hlwfk,cmrvsdh23000qyabrqmxftbih,cmr9cq4zi0028f2breyjcg4zk,https://howardcountyfairmd.com/events,jina_markdown,t,,,,valid,,,,,5,10000,2026-07-22 07:54:03.532,2026-07-22 07:54:03.532
cmrvsdj7v000syabrb6hpvkdv,cmrvsdh23000qyabrqmxftbih,cmr9cq4zi0028f2breyjcg4zk,https://howardcountyfairmd.com/calendar,jina_markdown,t,,,,valid,,,,,5,10000,2026-07-22 07:54:05.323,2026-07-22 07:54:05.323
cmrvsdkx3000tyabrnr9ljeev,cmrvsdh23000qyabrqmxftbih,cmr9cq4zi0028f2breyjcg4zk,https://howardcountyfairmd.com/fair,jina_markdown,t,,,,valid,,,,,5,10000,2026-07-22 07:54:07.528,2026-07-22 07:54:07.528
cmrvsdmih000uyabr3ngqrl22,cmrvsdh23000qyabrqmxftbih,cmr9cq4zi0028f2breyjcg4zk,https://howardcountyfairmd.com/upcoming-events,jina_markdown,t,,,,valid,,,,,5,10000,2026-07-22 07:54:09.593,2026-07-22 07:54:09.593
cmrvsdnx9000wyabrujtktxf2,cmrvsdn45000vyabrpn4v64oy,cmr9cq5yh002af2brlj7rwaqg,https://showplacearena.com/events,jina_markdown,t,,,,valid,,,,,5,10000,2026-07-22 07:54:11.421,2026-07-22 07:54:11.421
cmrvsdpz6000xyabrp5tlz35j,cmrvsdn45000vyabrpn4v64oy,cmr9cq5yh002af2brlj7rwaqg,https://showplacearena.com/calendar,jina_markdown,t,,,,valid,,,,,5,10000,2026-07-22 07:54:14.082,2026-07-22 07:54:14.082
cmrvsdrk4000yyabr37jn81t8,cmrvsdn45000vyabrpn4v64oy,cmr9cq5yh002af2brlj7rwaqg,https://showplacearena.com/tickets,jina_markdown,t,,,,valid,,,,,5,10000,2026-07-22 07:54:16.132,2026-07-22 07:54:16.132
cmrvsdt5e0010yabrr3dm150o,cmrvsdsc0000zyabrudkudxvs,cmr9cq77e002df2brsuttcy1t,https://hoteldupont.com/events,jina_markdown,t,,,,valid,,,,,5,10000,2026-07-22 07:54:18.194,2026-07-22 07:54:18.194
cmrvsdv170011yabro9cstty2,cmrvsdsc0000zyabrudkudxvs,cmr9cq77e002df2brsuttcy1t,https://hoteldupont.com/dining,jina_markdown,t,,,,valid,,,,,5,10000,2026-07-22 07:54:20.635,2026-07-22 07:54:20.635
cmrvsdwf20012yabrayh4j3gm,cmrvsdsc0000zyabrudkudxvs,cmr9cq77e002df2brsuttcy1t,https://hoteldupont.com/meetings,jina_markdown,t,,,,valid,,,,,5,10000,2026-07-22 07:54:22.43,2026-07-22 07:54:22.43
cmrvsdyco0013yabrwd8cfr3u,cmrvry6mn000ob1brjdenj6mc,cmr9cq7mv002ef2brvky6xdo1,https://hilton.com/events,jina_markdown,t,,,,unconfirmed,,,,,5,10000,2026-07-22 07:54:24.936,2026-07-22 07:54:24.936
cmrvsdzq80014yabrnqxxaf78,cmrvry6mn000ob1brjdenj6mc,cmr9cq7mv002ef2brvky6xdo1,https://hilton.com/meetings-events,jina_markdown,t,,,,unconfirmed,,,,,5,10000,2026-07-22 07:54:26.72,2026-07-22 07:54:26.72
cmrvse1cs0015yabrdf48he7e,cmrvry6mn000ob1brjdenj6mc,cmr9cq7mv002ef2brvky6xdo1,https://hilton.com/offers,jina_markdown,t,,,,unconfirmed,,,,,5,10000,2026-07-22 07:54:28.828,2026-07-22 07:54:28.828
cmrvse2xo0017yabrewwzhs1u,cmrvse1va0016yabrr6q3prz5,cmr9cq7z7002ff2br0j7lgv26,https://76ersfieldhouse.com/events,jina_markdown,t,,,,valid,,,,,5,10000,2026-07-22 07:54:30.877,2026-07-22 07:54:30.877
cmrvse4m70018yabrphhr6xkd,cmrvse1va0016yabrr6q3prz5,cmr9cq7z7002ff2br0j7lgv26,https://76ersfieldhouse.com/schedule,jina_markdown,t,,,,valid,,,,,5,10000,2026-07-22 07:54:33.055,2026-07-22 07:54:33.055
cmrvse6ib0019yabrf8ppbglx,cmrvse1va0016yabrr6q3prz5,cmr9cq7z7002ff2br0j7lgv26,https://76ersfieldhouse.com/tickets,jina_markdown,t,,,,valid,,,,,5,10000,2026-07-22 07:54:35.507,2026-07-22 07:54:35.507
cmrvse8jo001ayabrdob5brur,cmrvse1va0016yabrr6q3prz5,cmr9cq7z7002ff2br0j7lgv26,https://76ersfieldhouse.com/calendar,jina_markdown,t,,,,valid,,,,,5,10000,2026-07-22 07:54:38.148,2026-07-22 07:54:38.148
cmrvseee7001cyabrombxhmfe,cmrvsedab001byabrczcr10zh,cmr9cq7z7002ff2br0j7lgv26,https://chasefieldhouse.com/events,jina_markdown,t,,,,valid,,,,,5,10000,2026-07-22 07:54:45.727,2026-07-22 07:54:45.727
cmrvseg99001dyabr3w7n1wpi,cmrvsedab001byabrczcr10zh,cmr9cq7z7002ff2br0j7lgv26,https://chasefieldhouse.com/schedule,jina_markdown,t,,,,valid,,,,,5,10000,2026-07-22 07:54:48.141,2026-07-22 07:54:48.141
cmrvsehqw001eyabrbcp72mhl,cmrvsedab001byabrczcr10zh,cmr9cq7z7002ff2br0j7lgv26,https://chasefieldhouse.com/tickets,jina_markdown,t,,,,valid,,,,,5,10000,2026-07-22 07:54:50.073,2026-07-22 07:54:50.073
cmrvsejao001fyabrnxmwhfkt,cmrvsedab001byabrczcr10zh,cmr9cq7z7002ff2br0j7lgv26,https://chasefieldhouse.com/calendar,jina_markdown,t,,,,valid,,,,,5,10000,2026-07-22 07:54:52.08,2026-07-22 07:54:52.08
cmrvselzu001gyabrvpf9lqev,cmrvrz8wn001jb1brjx6qserq,cmr9cpdtc000jf2brljx7e4mo,https://ihg.com/kimpton/meetings-events,jina_markdown,t,,,,valid,,,,,5,10000,2026-07-22 07:54:55.578,2026-07-22 07:54:55.578
cmrvser72001hyabr1wusaysz,cmrvrz8wn001jb1brjx6qserq,cmr9cpe6h000kf2brtciqikdo,https://ihg.com/kimpton/meetings-events,jina_markdown,t,,,,valid,,,,,5,10000,2026-07-22 07:55:02.318,2026-07-22 07:55:02.318
cmrvsf2w1001iyabr2kk5lnzf,cmrvs04890028b1brdby63bxv,cmr9cpgfm000qf2brjkggslhl,https://warwickrittenhouse.com/special-events,jina_markdown,t,,,,valid,,,,,5,10000,2026-07-22 07:55:17.473,2026-07-22 07:55:17.473
cmrvsf702001jyabrblt2m6gk,cmrvrtbg4001yz7brjoa0d8to,cmr9cpgtq000rf2brxjsaf0si,https://marriott.com/meetings-and-events,jina_markdown,t,,,,valid,,,,,5,10000,2026-07-22 07:55:22.802,2026-07-22 07:55:22.802
cmrvrr3hj0001z7br7rkawjh5,cmrvrr2mv0000z7brdlvfdhyq,cmr9cp5ou0001f2brioso7j1o,https://subarupark.com/events,jina_markdown,t,a8bf7a9a,2026-07-22 18:48:13.201,2026-07-23 18:48:13.201,valid,,,,,5,10000,2026-07-22 07:36:38.503,2026-07-22 18:48:13.21
cmrvrrael0007z7brpchri7sn,cmrvrr9mv0006z7brjqx80jkl,cmr9e72j4000mfpbrjmjbfo2x,https://paconvention.com/events,jina_markdown,t,418df0cb,2026-07-22 18:53:37.32,2026-07-23 18:53:37.32,valid,,,,,5,10000,2026-07-22 07:36:47.469,2026-07-22 18:53:37.321
